id,prenotazione_id,riga,colonna
1,1,18,2
2,1,18,8
3,2,10,1
4,3,3,9
5,3,10,9
6,4,14,1
7,5,3,3
8,5,6,4
9,6,9,2
10,6,11,10
11,6,9,10
12,6,16,7
13,7,10,10
14,7,7,7
15,8,3,10
16,8,10,3
17,8,5,2
18,8,11,4
19,9,18,3
20,10,11,1
21,11,8,8
22,11,4,10
23,12,13,6
24,13,2,5
25,13,10,7
26,13,10,8
27,13,17,4
28,14,8,9
29,14,12,2
30,15,15,3
31,16,5,5
32,16,4,5
33,17,17,8
34,17,16,5
35,18,3,1
36,19,17,2
37,19,5,8
38,20,3,7
39,21,9,6
40,22,1,3
41,22,8,7
42,23,17,6
43,23,5,7
44,23,8,4
45,23,7,5
46,24,3,6
47,25,15,6
48,25,13,1
49,26,6,1
50,26,4,9
51,26,1,5
52,26,9,9
53,27,16,3
54,28,8,5
55,29,10,2
56,29,2,1
57,29,8,6
58,30,8,3
59,31,18,6
60,31,9,8
61,32,18,1
62,32,10,5
63,33,1,4
64,33,5,1
65,34,7,6
66,34,9,1
67,35,16,9
68,36,4,8
69,37,11,6
70,37,2,10
71,37,13,7
72,38,14,8
73,38,11,2
74,39,4,7
75,39,15,5
76,39,14,5
77,39,5,10
78,40,1,1
79,40,13,10
80,40,12,8
81,40,12,4
82,41,17,1
83,42,3,8
84,43,7,2
85,44,16,10
86,44,13,3
87,44,3,2
88,44,16,8
89,45,2,2
90,46,15,8
91,46,7,10
92,47,12,7
93,47,12,9
94,48,12,5
95,49,8,1
96,49,15,9
97,50,5,7
98,50,2,9
99,50,8,9
100,51,9,8
101,51,10,6
102,52,12,4
103,52,18,6
104,53,14,1
105,53,18,8
106,54,15,10
107,55,13,6
108,56,5,3
109,56,10,2
110,57,12,1
111,57,1,10
112,58,8,8
113,58,17,10
114,59,14,2
115,59,7,5
116,59,8,5
117,59,7,8
118,60,3,10
119,60,2,2
120,61,3,7
121,62,15,2
122,62,14,3
123,62,2,4
124,62,1,1
125,63,11,1
126,63,16,5
127,64,18,10
128,64,7,6
129,65,14,6
130,66,18,2
131,66,3,3
132,66,11,6
133,67,9,9
134,67,6,8
135,68,13,9
136,68,13,8
137,69,18,7
138,69,18,5
139,70,12,7
140,70,1,5
141,71,2,3
142,72,17,6
143,72,3,5
144,72,9,10
145,72,4,7
146,73,12,9
147,74,17,8
148,74,4,8
149,75,9,1
150,75,8,2
151,75,13,4
152,76,14,10
153,76,18,4
154,76,1,8
155,77,5,6
156,78,18,1
157,79,17,5
158,80,16,3
159,81,15,6
160,81,5,8
161,82,15,3
162,82,16,1
163,82,18,3
164,82,2,5
165,83,9,4
166,83,12,2
167,84,4,1
168,85,17,2
169,86,11,2
170,87,3,6
171,87,4,2
172,87,11,4
173,88,14,7
174,88,1,9
175,88,13,7
176,88,5,5
177,89,10,7
178,89,16,9
179,89,1,3
180,90,16,10
181,90,12,8
182,91,4,3
183,92,6,4
184,93,16,4
185,94,10,5
186,94,13,1
187,94,10,4
188,94,6,9
189,95,3,8
190,95,5,2
191,96,5,9
192,96,4,4
193,97,1,7
194,98,3,4
195,98,17,3
196,98,2,8
197,98,15,9
198,99,9,3
199,99,2,1
200,100,11,9
201,100,15,5
202,101,9,1
203,101,12,8
204,101,1,9
205,102,8,7
206,102,14,5
207,103,14,8
208,103,3,3
209,104,15,10
210,104,13,6
211,104,3,7
212,105,8,9
213,105,6,2
214,105,13,10
215,105,10,7
216,106,5,7
217,106,3,6
218,106,16,5
219,106,7,7
220,107,4,6
221,107,4,3
222,108,10,10
223,108,14,6
224,109,15,4
225,109,6,4
226,109,9,2
227,109,16,9
228,110,8,4
229,111,10,7
230,111,6,5
231,111,3,8
232,112,10,8
233,112,12,8
234,112,9,7
235,113,9,5
236,114,1,1
237,115,12,6
238,116,12,1
239,117,10,9
240,117,12,3
241,118,2,1
242,118,10,1
243,118,4,1
244,118,10,10
245,119,12,4
246,119,9,9
247,120,6,8
248,121,8,8
249,121,8,6
250,121,4,7
251,121,12,10
252,122,5,3
253,122,4,9
254,123,9,10
255,123,7,4
256,124,8,10
257,124,7,7
258,125,9,2
259,126,9,4
260,126,11,6
261,126,3,4
262,127,6,2
263,127,3,5
264,127,5,6
265,128,10,2
266,129,8,3
267,129,1,7
268,129,8,9
269,130,4,2
270,131,5,10
271,131,8,7
272,132,1,3
273,132,1,9
274,132,1,8
275,132,3,7
276,133,6,6
277,133,2,10
278,134,5,5
279,134,7,6
280,135,6,3
281,136,5,1
282,136,11,9
283,137,11,2
284,137,9,6
285,137,7,3
286,137,3,1
287,138,4,6
288,138,10,3
289,139,11,10
290,140,8,5
291,140,5,7
292,141,7,5
293,141,11,7
294,141,5,10
295,142,6,6
296,142,4,7
297,143,11,10
298,143,2,7
299,144,9,8
300,144,3,2
301,145,9,6
302,145,8,1
303,145,7,4
304,146,1,2
305,146,11,3
306,147,5,6
307,148,6,3
308,149,2,3
309,150,3,10
310,150,7,2
311,150,7,9
312,151,2,6
313,151,10,2
314,151,12,1
315,152,12,2
316,152,1,10
317,152,9,2
318,152,4,1
319,153,1,5
320,153,3,5
321,154,5,1
322,155,7,10
323,155,11,1
324,156,11,2
325,156,11,8
326,156,3,6
327,156,12,3
328,157,1,3
329,157,7,6
330,157,4,4
331,158,6,7
332,158,4,8
333,158,7,3
334,158,9,1
335,159,6,1
336,160,6,8
337,161,3,3
338,162,1,8
339,162,4,3
340,162,8,6
341,162,12,8
342,163,7,1
343,163,3,7
344,163,6,10
345,164,4,9
346,164,4,2
347,165,8,7
348,165,5,3
349,165,12,6
350,165,2,8
351,166,1,6
352,166,9,4
353,166,7,7
354,167,10,10
355,167,2,10
356,167,1,7
357,168,9,7
358,168,1,1
359,169,1,4
360,169,1,6
361,169,2,4
362,170,1,2
363,171,3,1
364,171,6,4
365,172,3,3
366,172,4,7
367,173,5,6
368,173,8,8
369,173,3,10
370,174,6,6
371,175,6,10
372,175,9,8
373,176,7,5
374,176,4,8
375,177,6,3
376,177,7,3
377,178,4,6
378,179,9,1
379,179,2,8
380,179,1,8
381,180,4,1
382,180,3,6
383,181,6,2
384,181,5,1
385,181,7,4
386,182,2,10
387,182,6,9
388,182,2,6
389,183,8,1
390,183,3,7
391,183,8,4
392,183,3,9
393,184,5,2
394,184,8,3
395,185,8,10
396,185,6,7
397,185,3,5
398,185,4,9
399,186,6,8
400,186,7,7
401,186,3,2
402,187,8,6
403,188,3,7
404,188,1,1
405,189,7,5
406,190,4,4
407,190,8,4
408,190,5,7
409,191,6,8
410,192,1,7
411,193,4,10
412,193,4,6
413,194,7,6
414,195,3,10
415,196,8,6
416,196,2,5
417,197,1,2
418,197,2,1
419,197,1,10
420,197,5,1
421,198,8,7
422,198,8,2
423,198,6,2
424,199,6,4
425,199,9,2
426,200,4,9
427,200,9,10
428,201,7,8
429,202,8,1
430,202,4,7
431,202,6,6
432,202,2,6
433,203,9,4
434,203,4,2
435,203,2,2
436,203,8,9
437,204,3,5
438,204,3,9
439,205,6,5
440,205,3,8
441,205,8,10
442,205,1,8
443,206,7,9
444,207,3,2
445,207,9,9
446,208,1,4
447,208,8,3
448,209,2,9
449,210,7,1
450,210,5,2
451,211,5,9
452,211,7,7
453,211,2,7
454,212,2,2
455,212,1,1
456,212,4,1
457,213,1,5
458,213,6,9
459,214,3,3
460,214,3,5
461,215,5,7
462,216,2,9
463,216,4,4
464,216,7,1
465,217,1,4
466,217,6,5
467,217,9,1
468,218,1,7
469,219,6,7
470,220,5,4
471,220,6,3
472,221,5,9
473,221,2,5
474,222,3,6
475,223,7,3
476,223,5,6
477,224,8,7
478,224,9,3
479,224,3,8
480,225,3,10
481,225,5,8
482,226,9,8
483,226,9,4
484,226,7,9
485,227,4,2
486,227,7,8
487,228,3,7
488,229,2,4
489,230,8,10
490,230,6,2
491,231,9,9
492,231,6,4
493,231,1,2
494,232,1,3
495,232,7,6
496,233,8,2
497,233,8,3
498,234,8,9
499,234,5,3
500,234,6,1
501,234,9,10
502,235,5,10
503,235,4,8
504,236,8,8
505,236,7,10
506,236,7,4
507,237,1,1
508,237,5,4
509,238,6,2
510,238,5,2
511,239,5,6
512,239,10,1
513,240,8,4
514,240,4,4
515,241,4,1
516,242,2,6
517,242,9,4
518,243,2,3
519,244,9,1
520,244,8,2
521,245,8,3
522,246,10,2
523,246,7,4
524,247,5,2
525,247,2,4
526,248,6,2
527,248,5,5
528,248,3,5
529,249,7,3
530,249,7,1
531,250,5,4
532,251,7,6
533,251,1,5
534,252,2,6
535,252,9,4
536,253,4,2
537,254,18,6
538,254,7,5
539,254,11,6
540,254,16,2
541,255,2,2
542,256,12,3
543,257,10,8
544,257,17,5
545,258,4,8
546,258,11,9
547,258,14,2
548,259,18,10
549,260,4,4
550,260,7,2
551,261,16,4
552,261,18,7
553,262,18,2
554,263,5,6
555,263,7,7
556,263,4,6
557,263,3,5
558,264,3,2
559,264,15,7
560,265,11,10
561,266,14,7
562,266,2,9
563,267,10,4
564,268,11,3
565,268,16,5
566,269,7,3
567,269,11,8
568,270,10,9
569,271,8,7
570,271,12,9
571,272,18,4
572,273,5,2
573,274,3,6
574,274,17,9
575,275,9,9
576,275,1,4
577,276,5,4
578,276,8,4
579,276,8,8
580,276,8,1
581,277,1,7
582,277,10,7
583,278,2,4
584,278,18,3
585,279,1,2
586,280,5,10
587,280,13,8
588,280,3,7
589,281,14,10
590,282,15,3
591,283,16,7
592,284,10,10
593,284,17,10
594,285,5,7
595,285,17,6
596,285,10,1
597,286,2,3
598,287,9,2
599,287,16,9
600,287,9,1
601,288,13,4
602,288,4,2
603,288,15,9
604,289,9,5
605,290,12,2
606,291,18,8
607,291,14,9
608,292,15,2
609,292,12,1
610,293,15,6
611,293,13,7
612,294,7,8
613,294,16,1
614,294,7,9
615,294,3,3
616,295,15,4
617,295,12,8
618,296,12,6
619,296,11,1
620,296,2,1
621,296,9,6
622,297,9,8
623,297,6,8
624,298,5,9
625,298,5,8
626,298,13,5
627,299,10,2
628,299,9,3
629,299,2,8
630,299,14,1
631,300,14,3
632,301,4,7
633,301,1,5
634,301,7,1
635,301,11,2
636,302,13,2
637,303,7,10
638,303,1,9
639,304,9,10
640,305,5,5
641,305,6,5
642,305,1,6
643,306,1,10
644,306,8,5
645,306,3,8
646,307,1,4
647,307,7,6
648,307,14,9
649,307,16,7
650,308,14,7
651,308,15,3
652,309,13,8
653,309,18,7
654,309,11,7
655,310,15,7
656,310,18,5
657,310,1,6
658,311,8,3
659,311,16,4
660,311,9,7
661,311,13,10
662,312,2,7
663,313,6,8
664,314,6,2
665,314,2,5
666,315,1,3
667,315,5,4
668,316,13,5
669,316,14,4
670,316,4,1
671,316,10,5
672,317,10,6
673,317,17,4
674,317,18,10
675,317,14,1
676,318,14,5
677,319,6,5
678,319,13,9
679,319,1,5
680,320,8,10
681,320,3,9
682,321,15,5
683,322,3,10
684,323,12,7
685,323,12,9
686,324,17,9
687,324,10,9
688,325,17,5
689,326,2,3
690,326,17,2
691,327,17,8
692,327,17,1
693,328,7,1
694,328,7,8
695,329,3,5
696,329,18,6
697,330,2,6
698,330,8,5
699,330,4,7
700,330,9,6
701,331,5,1
702,332,5,5
703,332,14,3
704,333,16,10
705,333,7,3
706,333,7,5
707,334,13,4
708,334,3,1
709,335,9,10
710,335,9,5
711,335,12,10
712,335,9,3
713,336,8,8
714,336,10,4
715,337,11,10
716,337,6,7
717,338,11,8
718,338,11,4
719,339,5,3
720,339,6,1
721,339,1,1
722,340,10,1
723,340,17,10
724,341,18,9
725,342,17,7
726,343,18,8
727,343,14,10
728,344,13,2
729,345,3,9
730,346,10,1
731,346,13,6
732,346,12,8
733,346,7,5
734,347,12,4
735,348,18,2
736,348,14,4
737,349,18,8
738,350,14,1
739,350,9,5
740,350,3,10
741,351,8,6
742,351,4,9
743,351,1,2
744,351,12,10
745,352,5,7
746,352,8,8
747,353,1,8
748,353,13,2
749,353,7,10
750,353,14,3
751,354,18,3
752,355,17,9
753,355,10,3
754,355,17,4
755,355,4,10
756,356,13,10
757,356,4,2
758,357,3,2
759,357,10,8
760,358,11,7
761,359,17,1
762,360,1,5
763,360,17,2
764,361,2,4
765,361,12,1
766,361,11,3
767,361,5,10
768,362,9,7
769,362,2,5
770,362,12,9
771,363,5,1
772,363,10,5
773,363,1,4
774,364,6,10
775,364,16,2
776,365,16,5
777,365,12,2
778,365,13,1
779,365,8,9
780,366,3,4
781,367,7,2
782,367,8,10
783,368,2,8
784,368,18,4
785,368,18,7
786,368,2,10
787,369,9,4
788,369,17,6
789,369,10,2
790,369,7,7
791,370,5,5
792,370,3,6
793,371,9,8
794,372,17,7
795,373,15,7
796,373,6,7
797,374,3,1
798,375,12,2
799,375,2,8
800,376,4,4
801,376,3,6
802,377,5,9
803,377,8,2
804,377,1,4
805,378,4,6
806,378,7,9
807,379,12,1
808,380,2,1
809,381,3,8
810,381,9,10
811,381,12,7
812,381,5,5
813,382,6,5
814,382,9,3
815,383,8,7
816,383,8,10
817,384,4,1
818,385,6,3
819,385,5,3
820,385,1,3
821,385,7,10
822,386,4,9
823,387,10,1
824,388,11,2
825,388,5,6
826,388,10,4
827,388,12,8
828,389,2,7
829,390,11,9
830,390,8,6
831,390,6,7
832,390,3,5
833,391,6,8
834,391,12,4
835,392,5,4
836,392,8,5
837,392,6,6
838,393,11,5
839,394,12,6
840,395,3,7
841,396,7,3
842,396,9,1
843,396,9,9
844,396,9,2
845,397,11,3
846,398,10,6
847,399,9,5
848,399,4,8
849,399,7,2
850,399,11,4
851,400,8,8
852,400,12,5
853,400,8,9
854,400,11,6
855,401,6,1
856,401,7,8
857,401,2,9
858,402,2,3
859,403,3,4
860,403,11,1
861,404,6,9
862,404,2,2
863,404,9,6
864,405,4,10
865,405,4,7
866,405,6,10
867,405,1,9
868,406,6,2
869,407,10,7
870,408,7,7
871,408,11,7
872,408,10,2
873,408,1,7
874,409,7,5
875,409,2,6
876,410,3,8
877,411,12,4
878,412,7,9
879,412,7,1
880,412,4,4
881,413,3,7
882,413,10,9
883,413,12,8
884,413,11,6
885,414,4,5
886,415,11,5
887,415,6,7
888,415,8,5
889,416,4,1
890,416,2,10
891,416,7,6
892,416,9,7
893,417,4,6
894,417,2,4
895,418,9,2
896,419,10,8
897,419,1,2
898,419,4,3
899,419,3,4
900,420,1,4
901,421,8,2
902,421,6,2
903,422,6,3
904,422,9,1
905,423,10,1
906,423,6,9
907,423,10,6
908,424,6,10
909,425,9,5
910,425,8,10
911,426,1,6
912,427,10,9
913,428,3,9
914,428,7,2
915,429,8,9
916,430,12,5
917,430,5,3
918,430,5,4
919,430,1,4
920,431,3,1
921,431,9,2
922,431,4,3
923,432,2,5
924,433,7,6
925,433,3,4
926,434,2,4
927,434,8,2
928,435,1,1
929,436,10,3
930,437,12,1
931,437,12,9
932,438,10,8
933,438,12,3
934,438,8,7
935,438,12,7
936,439,7,4
937,440,2,3
938,441,10,1
939,441,9,3
940,441,12,2
941,441,2,10
942,442,10,4
943,442,8,5
944,443,2,8
945,444,12,6
946,444,1,3
947,444,10,10
948,444,5,6
949,445,4,2
950,445,9,1
951,446,11,3
952,446,8,8
953,446,9,4
954,446,4,5
955,447,9,10
956,448,5,7
957,448,6,2
958,448,5,8
959,448,1,7
960,449,5,9
961,450,9,5
962,450,6,10
963,451,4,7
964,451,11,7
965,451,1,10
966,451,6,7
967,452,11,10
968,453,3,7
969,453,7,3
970,453,8,3
971,454,4,5
972,454,1,9
973,454,6,9
974,454,4,2
975,455,2,2
976,456,5,5
977,457,4,6
978,458,8,3
979,459,1,10
980,460,1,1
981,461,6,6
982,461,3,1
983,461,9,5
984,461,9,3
985,462,2,8
986,462,2,6
987,463,9,5
988,463,7,6
989,464,6,9
990,465,8,8
991,465,6,1
992,466,8,5
993,467,9,10
994,467,7,8
995,468,7,1
996,468,3,6
997,469,3,1
998,469,9,2
999,470,3,4
1000,470,9,7
1001,471,1,4
1002,472,2,1
1003,472,4,7
1004,473,9,4
1005,473,8,7
1006,474,6,5
1007,475,1,2
1008,476,1,6
1009,476,7,4
1010,477,6,6
1011,477,3,3
1012,478,2,2
1013,478,4,5
1014,478,6,10
1015,478,6,3
1016,479,5,2
1017,479,7,3
1018,480,8,10
1019,481,2,3
1020,481,4,2
1021,482,8,9
1022,483,8,9
1023,483,2,6
1024,484,1,9
1025,485,9,6
1026,485,4,7
1027,485,6,6
1028,486,3,8
1029,486,3,3
1030,486,1,5
1031,487,5,6
1032,487,7,8
1033,487,2,3
1034,488,2,9
1035,488,6,4
1036,488,6,5
1037,489,5,10
1038,489,8,6
1039,490,5,4
1040,490,5,5
1041,491,2,7
1042,492,2,8
1043,493,9,9
1044,493,9,2
1045,493,7,6
1046,493,7,10
1047,494,6,1
1048,494,7,2
1049,495,4,5
1050,496,3,5
1051,496,4,4
1052,497,4,8
1053,498,8,5
1054,498,8,3
1055,498,8,4
1056,498,6,10
1057,499,5,7
1058,499,2,5
1059,499,1,4
1060,500,3,4
1061,500,9,4
1062,500,3,10
1063,500,7,9
1064,501,2,4
1065,501,8,2
1066,502,4,3
1067,502,2,10
1068,503,5,1
1069,503,4,10
1070,504,4,9
1071,504,1,6
1072,505,1,6
1073,505,10,3
1074,506,1,5
1075,507,8,3
1076,507,6,2
1077,507,7,5
1078,507,6,4
1079,508,4,4
1080,508,2,3
1081,508,3,1
1082,509,10,4
1083,510,7,6
1084,511,8,2
1085,511,6,2
1086,511,2,1
1087,512,5,1
1088,513,10,4
1089,513,8,6
1090,513,1,2
1091,513,8,3
1092,514,9,4
1093,515,10,2
1094,516,5,6
1095,516,10,6
1096,516,4,3
1097,517,2,6
1098,518,7,4
1099,518,3,10
1100,519,15,8
1101,519,14,5
1102,520,12,1
1103,520,12,10
1104,520,6,3
1105,520,6,2
1106,521,7,1
1107,521,9,8
1108,522,17,7
1109,522,3,7
1110,522,1,4
1111,523,15,1
1112,523,12,2
1113,523,3,1
1114,524,13,8
1115,524,4,4
1116,525,6,9
1117,525,18,2
1118,526,6,1
1119,526,13,3
1120,527,5,5
1121,528,7,7
1122,528,7,5
1123,528,17,10
1124,528,9,10
1125,529,8,2
1126,529,16,8
1127,530,7,6
1128,531,16,7
1129,531,12,8
1130,532,10,5
1131,533,5,9
1132,534,15,6
1133,534,2,4
1134,534,11,4
1135,534,15,7
1136,535,12,6
1137,536,5,4
1138,536,17,8
1139,536,14,2
1140,537,16,1
1141,537,10,9
1142,537,1,5
1143,537,8,4
1144,538,7,9
1145,539,16,10
1146,540,10,4
1147,540,16,3
1148,540,10,1
1149,541,7,8
1150,541,1,6
1151,541,4,9
1152,542,13,10
1153,542,18,1
1154,543,12,7
1155,543,7,10
1156,544,17,9
1157,544,9,2
1158,544,5,10
1159,545,17,3
1160,546,9,7
1161,546,17,1
1162,546,7,2
1163,547,12,5
1164,547,2,8
1165,547,9,5
1166,547,4,6
1167,548,6,6
1168,549,3,9
1169,549,15,5
1170,550,18,5
1171,550,1,1
1172,550,16,5
1173,551,14,3
1174,551,14,4
1175,552,5,7
1176,552,9,1
1177,552,12,9
1178,552,2,10
1179,553,18,4
1180,553,4,10
1181,554,13,7
1182,554,18,10
1183,554,6,8
1184,555,14,9
1185,556,17,4
1186,556,13,4
1187,556,13,6
1188,557,8,10
1189,558,14,1
1190,559,11,5
1191,559,18,8
1192,560,9,4
1193,560,11,8
1194,560,18,9
1195,561,5,6
1196,562,5,3
1197,563,7,3
1198,563,17,6
1199,564,10,3
1200,564,3,6
1201,564,2,3
1202,564,13,5
1203,565,1,9
1204,565,13,1
1205,565,4,8
1206,565,1,10
1207,566,12,4
1208,567,9,3
1209,567,6,10
1210,567,8,1
1211,568,10,7
1212,569,11,9
1213,570,1,7
1214,571,11,10
1215,571,17,2
1216,571,11,3
1217,572,9,6
1218,572,3,4
1219,572,2,5
1220,572,3,5
1221,573,4,3
1222,574,11,7
1223,574,14,6
1224,575,18,7
1225,575,14,7
1226,576,13,3
1227,576,9,5
1228,577,17,3
1229,577,1,8
1230,577,15,6
1231,578,14,9
1232,578,18,8
1233,579,4,9
1234,579,6,1
1235,580,1,5
1236,580,12,9
1237,581,11,6
1238,582,8,2
1239,582,10,6
1240,582,6,6
1241,583,1,7
1242,583,13,5
1243,584,15,7
1244,585,8,7
1245,585,5,2
1246,586,2,7
1247,586,7,8
1248,586,4,8
1249,586,9,4
1250,587,1,6
1251,587,8,8
1252,587,3,2
1253,588,4,6
1254,588,2,3
1255,589,9,6
1256,590,7,3
1257,591,6,4
1258,591,11,7
1259,591,11,8
1260,591,13,7
1261,592,14,6
1262,593,11,10
1263,594,5,8
1264,594,12,2
1265,594,7,10
1266,594,5,7
1267,595,4,3
1268,596,10,2
1269,596,6,7
1270,597,16,6
1271,597,18,1
1272,598,18,5
1273,598,3,1
1274,598,12,8
1275,599,8,9
1276,600,9,1
1277,600,1,3
1278,600,8,10
1279,600,6,5
1280,601,11,9
1281,602,17,9
1282,603,4,10
1283,604,10,8
1284,604,5,3
1285,605,12,3
1286,605,15,9
1287,606,2,1
1288,606,2,6
1289,607,2,4
1290,608,2,10
1291,608,9,3
1292,609,10,4
1293,609,12,6
1294,610,17,4
1295,611,3,7
1296,611,10,5
1297,611,8,5
1298,611,4,1
1299,612,3,6
1300,613,12,6
1301,613,12,8
1302,613,13,5
1303,613,1,9
1304,614,12,3
1305,614,17,3
1306,614,5,5
1307,614,11,1
1308,615,8,2
1309,615,3,9
1310,616,3,2
1311,617,8,6
1312,617,9,4
1313,617,5,6
1314,617,17,1
1315,618,6,3
1316,618,13,7
1317,618,4,9
1318,619,1,6
1319,619,6,2
1320,620,6,5
1321,621,15,3
1322,622,15,7
1323,622,6,6
1324,622,7,5
1325,623,9,1
1326,623,18,8
1327,623,16,9
1328,624,9,6
1329,624,16,6
1330,625,11,8
1331,625,10,3
1332,626,14,10
1333,626,11,3
1334,626,13,10
1335,627,13,2
1336,628,17,9
1337,629,18,3
1338,629,16,1
1339,630,17,5
1340,631,9,3
1341,632,14,8
1342,633,9,8
1343,633,1,4
1344,633,18,6
1345,634,7,6
1346,634,11,5
1347,634,8,1
1348,634,4,1
1349,635,14,2
1350,636,9,5
1351,637,4,4
1352,638,4,6
1353,638,10,1
1354,638,16,7
1355,638,13,9
1356,639,5,1
1357,639,9,7
1358,639,18,10
1359,639,12,10
1360,640,10,9
1361,640,10,5
1362,640,18,1
1363,640,12,9
1364,641,3,7
1365,641,2,3
1366,641,13,4
1367,641,3,6
1368,642,17,6
1369,643,17,8
1370,644,11,4
1371,644,5,10
1372,645,4,2
1373,645,2,6
1374,646,10,8
1375,646,14,1
1376,646,4,3
1377,646,12,7
1378,647,11,10
1379,648,7,1
1380,648,14,5
1381,649,1,10
1382,649,6,1
1383,649,11,7
1384,649,1,8
1385,650,2,9
1386,650,2,1
1387,650,5,3
1388,651,1,5
1389,652,16,4
1390,652,5,8
1391,652,15,2
1392,652,18,2
1393,653,6,4
1394,653,5,4
1395,653,3,8
1396,654,15,5
1397,654,15,6
1398,655,18,7
1399,655,2,2
1400,655,3,10
1401,656,16,5
1402,656,18,5
1403,656,16,2
1404,657,10,2
1405,657,2,7
1406,657,17,4
1407,657,4,7
1408,658,2,4
1409,658,3,4
1410,658,12,5
1411,658,14,6
1412,659,11,1
1413,660,9,9
1414,661,5,6
1415,661,12,5
1416,662,3,2
1417,662,8,9
1418,662,9,8
1419,662,12,8
1420,663,3,5
1421,664,2,4
1422,664,7,3
1423,664,1,3
1424,664,3,3
1425,665,10,8
1426,666,1,4
1427,666,4,5
1428,666,10,7
1429,666,6,5
1430,667,10,1
1431,667,2,5
1432,667,11,8
1433,667,6,10
1434,668,6,7
1435,669,1,10
1436,670,1,1
1437,670,5,7
1438,670,12,1
1439,670,6,3
1440,671,7,7
1441,671,8,6
1442,672,8,5
1443,672,3,4
1444,673,8,2
1445,674,3,7
1446,675,11,10
1447,676,11,9
1448,677,10,1
1449,677,7,6
1450,678,1,10
1451,678,10,2
1452,678,1,5
1453,679,12,5
1454,679,11,6
1455,680,10,8
1456,681,10,7
1457,681,4,8
1458,681,9,2
1459,682,9,3
1460,683,12,3
1461,683,3,8
1462,683,5,2
1463,684,8,7
1464,684,5,10
1465,685,5,6
1466,685,1,3
1467,686,5,7
1468,686,1,7
1469,687,3,2
1470,687,4,5
1471,687,3,9
1472,687,4,4
1473,688,1,1
1474,689,11,4
1475,690,7,4
1476,690,5,8
1477,690,1,8
1478,691,2,3
1479,691,2,1
1480,692,11,1
1481,692,11,8
1482,692,4,2
1483,692,7,5
1484,693,7,2
1485,693,8,6
1486,693,6,10
1487,693,6,2
1488,694,4,3
1489,694,7,3
1490,695,11,7
1491,696,5,5
1492,696,1,6
1493,697,3,3
1494,698,7,6
1495,699,8,3
1496,699,1,2
1497,699,10,1
1498,699,6,8
1499,700,1,3
1500,700,2,3
1501,701,3,5
1502,701,5,10
1503,702,5,6
1504,703,12,3
1505,703,11,7
1506,704,9,9
1507,704,3,9
1508,704,7,4
1509,704,11,5
1510,705,6,1
1511,705,11,1
1512,705,12,4
1513,705,2,5
1514,706,3,10
1515,707,7,8
1516,708,11,10
1517,708,7,9
1518,708,1,10
1519,708,4,5
1520,709,12,7
1521,709,2,10
1522,710,5,4
1523,710,3,6
1524,711,2,6
1525,711,4,3
1526,712,11,9
1527,712,7,2
1528,713,11,6
1529,713,6,2
1530,714,2,7
1531,715,9,3
1532,715,7,10
1533,715,12,10
1534,716,10,5
1535,716,11,8
1536,716,7,3
1537,717,1,6
1538,718,12,8
1539,719,5,1
1540,719,9,2
1541,719,9,7
1542,720,1,4
1543,720,4,10
1544,720,12,5
1545,721,8,7
1546,722,7,2
1547,722,12,5
1548,722,7,8
1549,723,7,4
1550,724,6,4
1551,725,6,9
1552,725,3,4
1553,726,6,1
1554,727,2,8
1555,727,7,3
1556,727,8,9
1557,727,5,9
1558,728,9,10
1559,728,4,4
1560,728,12,2
1561,729,1,1
1562,729,12,10
1563,730,8,6
1564,731,10,3
1565,731,2,1
1566,732,5,7
1567,733,6,6
1568,734,11,8
1569,734,6,8
1570,734,5,10
1571,735,9,8
1572,736,6,10
1573,736,1,5
1574,736,1,8
1575,736,4,3
1576,737,10,1
1577,737,4,1
1578,738,10,2
1579,738,5,8
1580,738,6,5
1581,739,7,5
1582,740,3,6
1583,740,2,1
1584,740,1,7
1585,740,8,8
1586,741,9,3
1587,741,2,3
1588,741,9,6
1589,742,9,10
1590,743,4,8
1591,743,1,3
1592,743,4,5
1593,743,7,5
1594,744,8,7
1595,745,6,8
1596,745,3,2
1597,745,7,6
1598,745,7,9
1599,746,3,1
1600,746,6,9
1601,747,4,4
1602,747,9,5
1603,748,8,1
1604,748,2,4
1605,749,9,2
1606,749,7,4
1607,750,9,9
1608,750,1,8
1609,751,3,4
1610,751,8,10
1611,751,2,6
1612,752,2,9
1613,753,7,2
1614,754,5,4
1615,755,6,5
1616,755,9,8
1617,756,8,3
1618,756,8,5
1619,756,3,9
1620,756,4,6
1621,757,6,7
1622,757,4,3
1623,757,5,8
1624,758,2,2
1625,758,4,10
1626,759,7,7
1627,760,7,3
1628,761,1,9
1629,761,1,10
1630,762,3,4
1631,762,7,5
1632,763,8,9
1633,764,6,9
1634,764,2,4
1635,765,1,8
1636,765,2,1
1637,766,2,8
1638,767,4,9
1639,767,8,8
1640,768,8,7
1641,769,7,7
1642,769,8,5
1643,770,4,2
1644,770,8,3
1645,770,3,8
1646,770,3,5
1647,771,1,4
1648,771,6,10
1649,772,3,6
1650,773,8,1
1651,774,2,8
1652,774,7,6
1653,774,1,7
1654,774,9,4
1655,775,4,6
1656,775,5,3
1657,775,2,9
1658,776,7,7
1659,777,4,3
1660,777,5,1
1661,778,6,5
1662,778,6,3
1663,779,2,7
1664,779,7,1
1665,779,6,8
1666,780,4,7
1667,780,8,6
1668,781,8,4
1669,782,4,10
1670,782,8,9
1671,782,3,7
1672,783,8,5
1673,783,4,1
1674,784,7,10
1675,784,3,8
1676,785,1,1
1677,785,3,1
1678,785,7,5
1679,786,5,9
1680,786,3,4
1681,787,7,8
1682,787,6,4
1683,788,2,5
1684,789,1,5
1685,789,10,4
1686,789,6,6
1687,789,8,4
1688,790,7,3
1689,791,2,3
1690,791,5,3
1691,792,2,1
1692,792,9,4
1693,793,10,6
1694,793,8,2
1695,793,8,3
1696,793,9,3
1697,794,7,6
1698,795,1,3
1699,796,4,2
1700,796,3,4
1701,797,3,5
1702,797,5,1
1703,798,8,3
1704,798,1,4
1705,798,2,4
1706,799,3,1
1707,800,10,6
1708,800,5,1
1709,800,5,9
1710,801,4,2
1711,801,6,5
1712,802,2,3
1713,803,8,8
1714,804,12,1
1715,804,4,3
1716,805,4,4
1717,806,8,4
1718,807,18,6
1719,807,18,10
1720,807,6,2
1721,807,3,8
1722,808,3,6
1723,808,16,5
1724,809,10,2
1725,809,8,9
1726,809,9,8
1727,809,15,9
1728,810,1,2
1729,810,5,7
1730,811,15,6
1731,811,1,7
1732,812,1,6
1733,813,8,5
1734,813,6,10
1735,814,13,2
1736,814,1,5
1737,815,12,4
1738,815,17,2
1739,815,8,2
1740,816,1,8
1741,816,16,2
1742,817,7,6
1743,817,17,8
1744,817,4,9
1745,818,11,2
1746,818,5,6
1747,818,4,5
1748,818,9,2
1749,819,4,10
1750,819,6,6
1751,820,14,8
1752,821,5,10
1753,822,16,4
1754,822,10,7
1755,823,1,4
1756,824,12,8
1757,824,3,4
1758,824,4,1
1759,824,10,3
1760,825,15,2
1761,825,14,1
1762,826,11,1
1763,827,15,1
1764,828,10,10
1765,828,12,2
1766,828,8,3
1767,829,10,8
1768,829,13,1
1769,830,13,10
1770,830,8,7
1771,830,13,4
1772,831,5,2
1773,831,5,4
1774,831,15,5
1775,832,5,3
1776,832,11,8
1777,832,14,10
1778,832,17,9
1779,833,11,5
1780,834,9,4
1781,834,18,2
1782,835,6,2
1783,835,16,10
1784,835,9,2
1785,835,17,7
1786,836,17,9
1787,836,3,2
1788,836,18,5
1789,837,15,1
1790,837,18,9
1791,838,7,9
1792,839,5,1
1793,839,6,1
1794,839,15,10
1795,840,11,3
1796,840,11,1
1797,841,17,6
1798,841,2,8
1799,841,10,9
1800,842,10,7
1801,842,8,9
1802,843,9,7
1803,843,12,7
1804,843,13,6
1805,844,4,2
1806,845,11,9
1807,846,18,4
1808,847,5,8
1809,847,8,2
1810,847,16,5
1811,848,10,10
1812,848,7,8
1813,848,3,8
1814,849,17,2
1815,849,13,2
1816,849,11,8
1817,850,6,9
1818,850,12,5
1819,851,8,1
1820,851,6,8
1821,851,8,4
1822,852,7,4
1823,853,7,3
1824,854,6,4
1825,854,6,10
1826,855,14,8
1827,855,4,5
1828,856,15,4
1829,857,11,4
1830,858,18,7
1831,858,14,1
1832,858,16,2
1833,858,13,10
1834,859,15,2
1835,860,1,1
1836,860,15,3
1837,860,4,8
1838,861,6,3
1839,861,1,7
1840,862,10,2
1841,863,16,8
1842,864,13,1
1843,865,4,1
1844,866,7,5
1845,866,3,1
1846,867,5,6
1847,867,17,10
1848,868,15,5
1849,868,12,1
1850,869,2,2
1851,869,12,9
1852,869,5,5
1853,870,3,4
1854,870,10,4
1855,871,11,2
1856,871,16,1
1857,872,17,5
1858,872,9,6
1859,872,2,3
1860,872,1,2
1861,873,12,10
1862,873,1,9
1863,873,10,5
1864,873,4,3
1865,874,12,6
1866,874,7,1
1867,875,1,8
1868,875,8,6
1869,875,7,6
1870,876,9,5
1871,876,14,4
1872,876,2,4
1873,877,3,6
1874,878,1,6
1875,878,15,7
1876,879,7,2
1877,879,1,3
1878,880,1,10
1879,880,2,5
1880,881,13,4
1881,881,12,3
1882,881,6,5
1883,882,2,1
1884,882,14,9
1885,882,15,8
1886,883,13,7
1887,884,15,6
1888,884,18,8
1889,885,12,2
1890,885,2,9
1891,886,9,9
1892,886,11,10
1893,887,2,7
1894,887,3,9
1895,887,2,6
1896,888,11,5
1897,889,16,3
1898,890,10,1
1899,890,6,9
1900,890,10,3
1901,891,16,1
1902,892,10,10
1903,892,5,4
1904,893,11,1
1905,894,18,6
1906,895,7,4
1907,895,1,9
1908,895,1,4
1909,895,9,5
1910,896,6,8
1911,896,6,4
1912,897,4,8
1913,898,13,10
1914,898,16,7
1915,898,17,2
1916,899,2,3
1917,900,5,5
1918,900,9,9
1919,901,14,2
1920,901,12,4
1921,902,3,6
1922,902,15,8
1923,903,4,4
1924,903,4,7
1925,904,7,8
1926,905,3,5
1927,905,1,1
1928,905,16,3
1929,905,17,8
1930,906,17,9
1931,907,13,1
1932,908,11,8
1933,908,15,2
1934,908,18,3
1935,909,14,10
1936,910,14,8
1937,910,18,10
1938,911,12,10
1939,911,15,3
1940,911,9,6
1941,911,13,6
1942,912,10,7
1943,912,15,5
1944,912,2,8
1945,913,9,3
1946,914,10,10
1947,914,7,9
1948,914,1,2
1949,914,8,1
1950,915,3,8
1951,916,12,10
1952,916,1,9
1953,917,6,2
1954,918,9,5
1955,918,3,6
1956,919,4,9
1957,920,6,4
1958,920,8,8
1959,921,6,3
1960,921,5,2
1961,921,11,7
1962,921,1,3
1963,922,4,1
1964,922,4,5
1965,923,7,10
1966,923,10,2
1967,923,5,10
1968,924,9,6
1969,924,2,3
1970,925,1,4
1971,926,7,2
1972,927,9,7
1973,927,12,6
1974,928,10,4
1975,928,9,10
1976,929,4,6
1977,929,11,4
1978,929,2,2
1979,929,7,4
1980,930,1,4
1981,930,8,8
1982,930,12,1
1983,931,6,2
1984,931,5,9
1985,932,3,9
1986,932,2,9
1987,932,3,2
1988,933,11,10
1989,933,9,2
1990,933,10,10
1991,933,9,3
1992,934,3,7
1993,934,2,8
1994,935,10,7
1995,935,9,7
1996,936,3,5
1997,936,1,5
1998,937,3,1
1999,937,2,6
2000,937,5,10
2001,938,9,3
2002,938,7,7
2003,938,11,2
2004,938,5,9
2005,939,7,9
2006,940,2,10
2007,941,3,5
2008,941,8,9
2009,942,1,1
2010,942,5,1
2011,942,10,9
2012,942,2,9
2013,943,1,2
2014,944,4,5
2015,944,2,4
2016,945,6,8
2017,946,12,3
2018,946,7,8
2019,947,6,9
2020,947,9,6
2021,948,7,4
2022,948,3,10
2023,949,6,5
2024,950,2,3
2025,950,4,2
2026,950,8,4
2027,951,1,7
2028,951,1,3
2029,952,3,9
2030,952,7,1
2031,953,8,8
2032,953,5,9
2033,954,8,7
2034,955,1,7
2035,956,6,5
2036,956,6,8
2037,957,9,5
2038,957,7,9
2039,957,9,6
2040,958,3,6
2041,959,7,2
2042,960,3,4
2043,960,4,4
2044,960,5,5
2045,961,5,10
2046,961,5,9
2047,962,9,1
2048,962,2,8
2049,963,5,7
2050,964,2,3
2051,965,6,2
2052,966,3,10
2053,966,7,5
2054,966,5,3
2055,966,2,1
2056,967,5,4
2057,968,5,2
2058,969,5,6
2059,970,6,7
2060,971,4,5
2061,971,8,6
2062,972,9,2
2063,973,9,10
2064,973,4,3
2065,973,1,9
2066,974,5,1
2067,975,3,5
2068,975,3,2
2069,975,3,9
2070,975,8,1
2071,976,6,4
2072,976,4,7
2073,976,4,1
2074,977,6,6
2075,977,1,3
2076,978,9,3
2077,979,3,3
2078,979,4,6
2079,980,1,7
2080,980,4,8
2081,981,2,1
2082,981,1,3
2083,981,5,7
2084,982,1,10
2085,983,8,10
2086,984,6,7
2087,984,9,7
2088,984,6,5
2089,984,6,3
2090,985,6,8
2091,985,1,8
2092,985,9,10
2093,986,2,9
2094,986,7,8
2095,986,3,5
2096,987,7,3
2097,987,4,4
2098,988,3,3
2099,988,3,4
2100,988,2,10
2101,989,2,6
2102,990,7,2
2103,990,3,4
2104,990,2,3
2105,991,6,3
2106,991,7,1
2107,992,1,5
2108,993,6,1
2109,994,10,6
2110,994,4,2
2111,995,5,1
2112,995,7,3
2113,995,4,4
2114,995,3,5
2115,996,1,2
2116,996,2,4
2117,997,7,5
2118,997,1,6
2119,997,8,4
2120,998,4,5
2121,998,9,2
2122,999,3,2
2123,1000,8,5
2124,1000,9,5
2125,1001,2,2
2126,1001,4,4
2127,1001,5,6
2128,1002,10,4
2129,1002,6,4
2130,1003,6,5
2131,1004,4,3
2132,1005,9,5
2133,1006,3,3
2134,1006,1,6
2135,1006,10,6
2136,1006,8,3
2137,1007,3,2
2138,1007,9,4
2139,1007,10,1
2140,1007,1,2
2141,1008,5,2
2142,1009,8,6
2143,1009,10,5
2144,1009,7,6
2145,1010,4,6
2146,1010,2,5
2147,1010,6,2
2148,1010,2,4
2149,1011,9,2
2150,1012,10,3
2151,1012,10,2
2152,1013,5,1
2153,1014,3,6
2154,1015,8,1
2155,1015,4,1
2156,1015,6,6
2157,1015,8,5
2158,1016,12,6
2159,1016,16,6
2160,1017,15,8
2161,1017,11,1
2162,1017,11,8
2163,1017,5,2
2164,1018,4,2
2165,1018,8,8
2166,1019,7,9
2167,1019,4,6
2168,1020,11,4
2169,1021,9,10
2170,1021,1,2
2171,1021,12,4
2172,1021,9,9
2173,1022,9,7
2174,1022,14,4
2175,1023,5,5
2176,1023,17,7
2177,1023,17,3
2178,1024,12,3
2179,1024,2,6
2180,1024,6,9
2181,1025,9,1
2182,1026,7,10
2183,1026,13,10
2184,1026,7,8
2185,1026,15,7
2186,1027,3,5
2187,1028,11,7
2188,1029,11,3
2189,1030,16,8
2190,1030,14,9
2191,1031,8,7
2192,1031,18,4
2193,1032,8,3
2194,1033,2,9
2195,1033,5,7
2196,1033,1,1
2197,1033,18,9
2198,1034,15,3
2199,1034,1,9
2200,1035,16,5
2201,1035,16,7
2202,1036,18,7
2203,1037,17,4
2204,1037,2,10
2205,1038,14,10
2206,1038,15,1
2207,1038,9,5
2208,1039,9,6
2209,1039,3,2
2210,1040,2,3
2211,1040,16,2
2212,1041,1,3
2213,1042,3,4
2214,1042,12,5
2215,1043,1,8
2216,1043,1,7
2217,1043,2,5
2218,1044,12,10
2219,1045,10,8
2220,1045,11,9
2221,1045,10,3
2222,1045,7,5
2223,1046,18,6
2224,1047,13,9
2225,1047,13,7
2226,1048,1,10
2227,1048,17,6
2228,1049,10,1
2229,1049,10,4
2230,1049,3,3
2231,1050,1,4
2232,1050,11,5
2233,1050,15,4
2234,1050,5,1
2235,1051,13,5
2236,1051,14,2
2237,1051,6,3
2238,1051,6,6
2239,1052,9,8
2240,1053,12,1
2241,1053,11,6
2242,1053,18,3
2243,1054,7,1
2244,1054,17,1
2245,1054,8,5
2246,1054,14,3
2247,1055,16,9
2248,1055,4,4
2249,1055,10,1
2250,1055,6,10
2251,1056,7,5
2252,1056,15,4
2253,1057,2,7
2254,1057,7,7
2255,1058,14,1
2256,1059,17,7
2257,1059,14,6
2258,1059,2,9
2259,1060,17,4
2260,1060,17,2
2261,1060,2,1
2262,1061,15,3
2263,1062,15,10
2264,1062,10,9
2265,1062,16,7
2266,1063,6,8
2267,1063,11,2
2268,1063,7,8
2269,1063,12,1
2270,1064,1,7
2271,1064,1,10
2272,1065,4,5
2273,1065,18,6
2274,1066,8,7
2275,1067,13,9
2276,1067,8,8
2277,1068,4,7
2278,1068,17,5
2279,1068,14,9
2280,1069,16,10
2281,1069,13,10
2282,1070,9,9
2283,1070,9,3
2284,1070,1,1
2285,1071,11,10
2286,1071,5,7
2287,1071,2,5
2288,1071,14,5
2289,1072,8,1
2290,1073,12,9
2291,1073,9,2
2292,1074,4,8
2293,1074,8,4
2294,1075,12,6
2295,1076,15,5
2296,1076,14,2
2297,1076,4,1
2298,1077,8,3
2299,1077,10,8
2300,1077,3,1
2301,1077,5,5
2302,1078,6,7
2303,1078,5,9
2304,1078,13,8
2305,1078,2,2
2306,1079,5,3
2307,1079,18,10
2308,1080,9,5
2309,1080,16,5
2310,1081,12,10
2311,1081,4,3
2312,1081,18,3
2313,1081,7,9
2314,1082,10,4
2315,1082,16,1
2316,1082,4,9
2317,1082,6,3
2318,1083,13,5
2319,1083,11,4
2320,1083,12,2
2321,1083,5,8
2322,1084,18,4
2323,1085,13,3
2324,1086,17,2
2325,1086,2,2
2326,1087,7,4
2327,1087,4,4
2328,1087,16,5
2329,1087,15,1
2330,1088,3,10
2331,1088,12,10
2332,1088,7,6
2333,1088,12,3
2334,1089,14,10
2335,1089,13,3
2336,1090,9,3
2337,1091,15,8
2338,1091,17,5
2339,1091,4,9
2340,1091,6,6
2341,1092,5,2
2342,1092,17,1
2343,1092,16,3
2344,1092,11,8
2345,1093,7,8
2346,1093,2,9
2347,1094,2,7
2348,1094,1,5
2349,1095,9,8
2350,1095,12,8
2351,1095,2,10
2352,1096,1,10
2353,1096,17,8
2354,1097,13,10
2355,1097,1,7
2356,1097,6,10
2357,1097,10,4
2358,1098,17,7
2359,1099,15,4
2360,1100,8,2
2361,1100,8,9
2362,1101,12,8
2363,1101,12,7
2364,1102,2,8
2365,1103,2,7
2366,1103,4,5
2367,1104,2,5
2368,1105,12,9
2369,1105,7,6
2370,1105,10,2
2371,1105,7,10
2372,1106,5,10
2373,1106,5,6
2374,1106,7,8
2375,1107,11,3
2376,1107,9,3
2377,1107,3,5
2378,1107,12,3
2379,1108,1,6
2380,1108,4,3
2381,1109,4,2
2382,1109,11,2
2383,1109,3,2
2384,1110,6,2
2385,1110,12,10
2386,1110,10,1
2387,1111,2,2
2388,1111,1,1
2389,1112,6,7
2390,1113,8,3
2391,1113,3,9
2392,1114,10,6
2393,1115,11,8
2394,1116,2,5
2395,1116,1,8
2396,1117,6,2
2397,1117,6,10
2398,1118,1,2
2399,1119,1,4
2400,1119,4,4
2401,1120,9,2
2402,1120,5,10
2403,1120,10,3
2404,1121,7,2
2405,1122,5,8
2406,1123,9,1
2407,1123,12,10
2408,1123,4,7
2409,1123,5,4
2410,1124,6,9
2411,1124,2,9
2412,1124,10,4
2413,1124,8,1
2414,1125,1,7
2415,1125,4,5
2416,1125,6,1
2417,1125,7,4
2418,1126,5,9
2419,1126,11,7
2420,1127,10,5
2421,1127,5,5
2422,1127,6,3
2423,1127,7,1
2424,1128,12,2
2425,1128,5,2
2426,1128,9,8
2427,1128,3,10
2428,1129,3,6
2429,1129,9,10
2430,1130,3,5
2431,1130,5,3
2432,1130,10,9
2433,1130,11,4
2434,1131,10,1
2435,1132,3,8
2436,1132,4,10
2437,1133,9,6
2438,1133,6,6
2439,1133,10,8
2440,1134,3,3
2441,1134,11,9
2442,1134,8,5
2443,1135,4,6
2444,1136,8,10
2445,1136,1,9
2446,1136,2,4
2447,1136,6,4
2448,1137,9,3
2449,1137,2,10
2450,1137,1,10
2451,1138,6,3
2452,1138,7,7
2453,1138,9,9
2454,1138,5,2
2455,1139,1,9
2456,1139,2,1
2457,1139,7,1
2458,1139,2,9
2459,1140,4,5
2460,1141,3,10
2461,1142,11,7
2462,1143,3,1
2463,1143,12,2
2464,1143,5,10
2465,1143,1,3
2466,1144,1,2
2467,1144,10,3
2468,1145,4,7
2469,1146,1,4
2470,1147,8,6
2471,1147,3,5
2472,1148,5,5
2473,1148,7,5
2474,1148,4,6
2475,1148,8,9
2476,1149,8,5
2477,1149,6,2
2478,1149,8,7
2479,1150,10,5
2480,1151,10,6
2481,1152,5,1
2482,1153,6,6
2483,1153,11,3
2484,1153,8,4
2485,1153,10,9
2486,1154,9,5
2487,1154,2,10
2488,1155,3,4
2489,1155,7,9
2490,1156,4,1
2491,1156,10,4
2492,1156,2,7
2493,1156,11,8
2494,1157,10,7
2495,1158,9,6
2496,1159,6,4
2497,1159,8,2
2498,1160,3,7
2499,1160,11,5
2500,1161,4,3
2501,1161,9,4
2502,1161,12,4
2503,1162,2,3
2504,1162,10,1
2505,1163,9,1
2506,1163,4,10
2507,1163,9,2
2508,1164,8,10
2509,1165,6,3
2510,1165,5,5
2511,1166,6,6
2512,1167,9,8
2513,1168,3,1
2514,1168,6,2
2515,1169,6,4
2516,1169,5,3
2517,1169,8,1
2518,1169,4,2
2519,1170,1,1
2520,1171,8,4
2521,1171,1,7
2522,1171,4,7
2523,1171,7,5
2524,1172,3,10
2525,1172,6,1
2526,1172,5,2
2527,1173,7,9
2528,1173,2,5
2529,1173,7,4
2530,1173,4,5
2531,1174,5,5
2532,1174,1,6
2533,1174,2,8
2534,1174,5,9
2535,1175,2,5
2536,1175,4,6
2537,1175,3,2
2538,1176,9,7
2539,1177,6,10
2540,1177,7,6
2541,1178,7,5
2542,1178,2,7
2543,1178,5,1
2544,1178,6,3
2545,1179,2,4
2546,1180,6,4
2547,1180,1,4
2548,1181,9,4
2549,1182,5,3
2550,1182,6,5
2551,1183,9,3
2552,1183,4,8
2553,1184,1,3
2554,1184,9,6
2555,1184,5,6
2556,1185,9,10
2557,1185,3,1
2558,1186,4,1
2559,1187,5,10
2560,1187,7,3
2561,1187,8,10
2562,1187,1,8
2563,1188,8,4
2564,1188,9,9
2565,1188,7,9
2566,1188,4,10
2567,1189,1,1
2568,1189,1,9
2569,1189,4,4
2570,1190,1,7
2571,1191,4,5
2572,1192,3,6
2573,1193,9,8
2574,1193,4,3
2575,1194,4,9
2576,1194,2,3
2577,1195,5,7
2578,1196,5,5
2579,1196,7,7
2580,1196,8,10
2581,1197,3,1
2582,1197,2,7
2583,1198,1,7
2584,1198,5,2
2585,1198,4,7
2586,1198,6,9
2587,1199,4,4
2588,1199,4,8
2589,1199,5,4
2590,1199,7,5
2591,1200,8,2
2592,1200,1,5
2593,1201,7,1
2594,1201,1,6
2595,1202,2,10
2596,1203,8,1
2597,1203,2,2
2598,1203,6,2
2599,1203,5,2
2600,1204,4,6
2601,1205,10,4
2602,1205,7,6
2603,1205,4,5
2604,1205,5,5
2605,1206,10,2
2606,1206,6,3
2607,1206,10,6
2608,1207,2,3
2609,1208,9,2
2610,1208,3,3
2611,1209,9,5
2612,1210,4,4
2613,1211,6,4
2614,1212,9,6
2615,1213,5,4
2616,1213,5,3
2617,1214,10,3
2618,1214,10,1
2619,1215,3,5
2620,1215,8,4
2621,1216,5,6
2622,1216,5,1
2623,1217,2,6
2624,1217,9,3
2625,1218,2,4
2626,1218,8,5
2627,1219,8,3
2628,1220,8,5
2629,1220,4,2
2630,1220,7,5
2631,1221,2,3
2632,1221,10,3
2633,1222,9,5
2634,1223,9,6
2635,1223,8,4
2636,1224,1,2
2637,1225,6,1
2638,1225,4,4
2639,1225,2,2
2640,1225,8,1
2641,1226,7,2
2642,1226,4,5
2643,1226,10,6
2644,1226,7,3
2645,1227,5,4
2646,1227,9,2
2647,1228,3,2
2648,1229,3,1
2649,1229,6,4
2650,1229,6,2
2651,1230,9,4
2652,1230,9,1
2653,1231,10,1
2654,1232,3,6
2655,1232,4,3
2656,1232,10,2
2657,1232,6,5
2658,1233,7,6
2659,1233,9,1
2660,1234,5,4
2661,1235,1,4
2662,1235,7,5
2663,1235,3,4
2664,1235,6,5
2665,1236,5,2
2666,1236,4,4
2667,1236,2,5
2668,1237,16,1
2669,1238,13,6
2670,1239,10,9
2671,1239,13,2
2672,1239,15,3
2673,1239,7,1
2674,1240,5,5
2675,1240,4,3
2676,1241,1,3
2677,1241,14,2
2678,1241,14,6
2679,1242,3,8
2680,1242,11,9
2681,1243,12,2
2682,1244,12,3
2683,1244,4,5
2684,1245,14,9
2685,1246,4,6
2686,1246,5,7
2687,1247,11,10
2688,1247,1,1
2689,1248,5,8
2690,1249,15,5
2691,1250,17,6
2692,1250,2,5
2693,1250,10,2
2694,1251,8,8
2695,1251,16,9
2696,1252,14,3
2697,1252,3,2
2698,1253,12,5
2699,1254,7,4
2700,1254,4,7
2701,1255,7,3
2702,1255,16,2
2703,1255,6,7
2704,1255,17,5
2705,1256,10,10
2706,1256,17,9
2707,1257,2,4
2708,1257,10,3
2709,1258,7,6
2710,1258,18,6
2711,1258,6,10
2712,1259,9,8
2713,1259,8,7
2714,1259,2,9
2715,1260,15,4
2716,1260,6,4
2717,1261,6,3
2718,1262,18,5
2719,1262,11,4
2720,1263,1,8
2721,1263,12,8
2722,1264,4,8
2723,1264,15,6
2724,1265,9,5
2725,1265,17,2
2726,1266,1,10
2727,1266,1,6
2728,1266,2,8
2729,1267,17,8
2730,1268,5,3
2731,1268,18,2
2732,1269,16,4
2733,1270,16,3
2734,1271,13,3
2735,1271,4,9
2736,1271,3,9
2737,1271,13,7
2738,1272,3,4
2739,1273,5,6
2740,1274,6,9
2741,1274,11,1
2742,1275,9,4
2743,1275,5,9
2744,1276,10,7
2745,1276,2,1
2746,1277,12,1
2747,1278,17,4
2748,1279,10,3
2749,1279,9,9
2750,1279,15,2
2751,1279,1,2
2752,1280,13,10
2753,1280,1,1
2754,1281,11,8
2755,1282,1,10
2756,1282,5,5
2757,1283,10,4
2758,1284,9,7
2759,1284,3,1
2760,1284,10,7
2761,1285,1,6
2762,1285,8,9
2763,1286,17,6
2764,1286,15,4
2765,1286,17,2
2766,1286,3,10
2767,1287,6,7
2768,1287,9,1
2769,1288,11,2
2770,1288,7,9
2771,1289,3,3
2772,1289,18,2
2773,1289,4,7
2774,1289,11,3
2775,1290,14,3
2776,1291,18,1
2777,1292,1,5
2778,1293,10,5
2779,1293,5,8
2780,1293,9,6
2781,1293,13,1
2782,1294,8,3
2783,1294,10,6
2784,1294,1,8
2785,1294,16,4
2786,1295,18,5
2787,1295,9,10
2788,1296,16,9
2789,1296,7,7
2790,1297,16,10
2791,1297,14,2
2792,1297,8,7
2793,1297,18,4
2794,1298,4,9
2795,1298,2,2
2796,1299,11,4
2797,1300,13,8
2798,1300,17,8
2799,1300,18,9
2800,1301,8,5
2801,1301,12,4
2802,1302,11,1
2803,1302,5,2
2804,1302,17,5
2805,1302,7,4
2806,1303,12,6
2807,1303,2,8
2808,1304,13,2
2809,1304,1,7
2810,1305,5,3
2811,1305,14,9
2812,1306,16,3
2813,1307,12,3
2814,1307,6,1
2815,1307,17,1
2816,1307,3,8
2817,1308,14,5
2818,1308,18,8
2819,1309,2,1
2820,1309,8,1
2821,1309,14,8
2822,1310,4,4
2823,1311,5,6
2824,1312,11,7
2825,1312,16,1
2826,1313,7,1
2827,1313,16,8
2828,1314,4,5
2829,1314,15,9
2830,1315,12,7
2831,1315,1,3
2832,1315,17,7
2833,1315,2,5
2834,1316,10,2
2835,1316,6,10
2836,1316,2,9
2837,1316,12,2
2838,1317,16,2
2839,1317,8,4
2840,1317,12,9
2841,1318,13,9
2842,1318,15,6
2843,1318,14,7
2844,1319,17,10
2845,1319,1,9
2846,1320,3,5
2847,1321,6,2
2848,1321,10,10
2849,1321,3,6
2850,1321,16,5
2851,1322,8,10
2852,1322,17,3
2853,1323,5,10
2854,1323,5,7
2855,1323,18,10
2856,1324,2,7
2857,1325,2,4
2858,1325,7,5
2859,1325,11,9
2860,1326,14,10
2861,1326,9,4
2862,1326,6,9
2863,1327,16,7
2864,1328,9,1
2865,1329,3,9
2866,1329,3,1
2867,1329,8,2
2868,1329,9,3
2869,1330,16,4
2870,1330,16,1
2871,1330,5,3
2872,1330,7,9
2873,1331,8,4
2874,1331,12,2
2875,1331,18,9
2876,1331,18,1
2877,1332,13,9
2878,1332,11,3
2879,1332,16,9
2880,1333,5,4
2881,1333,10,9
2882,1333,5,9
2883,1333,14,9
2884,1334,11,2
2885,1334,17,8
2886,1335,2,7
2887,1335,5,1
2888,1335,17,4
2889,1336,7,5
2890,1337,7,8
2891,1337,16,8
2892,1338,8,1
2893,1339,5,1
2894,1339,9,4
2895,1340,12,8
2896,1340,5,8
2897,1340,9,5
2898,1341,2,10
2899,1341,9,2
2900,1341,12,10
2901,1342,10,8
2902,1342,9,3
2903,1342,3,6
2904,1342,7,6
2905,1343,3,4
2906,1344,6,1
2907,1344,4,5
2908,1345,2,9
2909,1345,6,10
2910,1345,11,2
2911,1346,10,5
2912,1347,5,4
2913,1347,1,1
2914,1347,3,8
2915,1347,9,9
2916,1348,10,1
2917,1348,6,4
2918,1348,2,2
2919,1348,8,9
2920,1349,8,6
2921,1349,10,9
2922,1349,9,8
2923,1349,1,2
2924,1350,9,10
2925,1350,5,2
2926,1350,12,7
2927,1351,12,4
2928,1351,8,5
2929,1352,6,3
2930,1353,1,6
2931,1353,7,2
2932,1354,5,3
2933,1355,10,7
2934,1356,12,3
2935,1356,4,3
2936,1356,9,1
2937,1357,11,9
2938,1357,8,3
2939,1357,2,3
2940,1358,9,8
2941,1358,10,4
2942,1359,9,6
2943,1359,8,10
2944,1359,4,2
2945,1359,1,10
2946,1360,3,3
2947,1361,7,8
2948,1362,9,2
2949,1362,5,2
2950,1362,5,6
2951,1362,2,2
2952,1363,1,2
2953,1364,10,6
2954,1364,8,9
2955,1365,6,1
2956,1365,8,2
2957,1365,2,8
2958,1366,3,6
2959,1367,6,5
2960,1367,1,2
2961,1368,2,2
2962,1368,1,1
2963,1368,7,3
2964,1369,11,4
2965,1369,4,7
2966,1369,2,3
2967,1369,5,4
2968,1370,5,2
2969,1370,10,1
2970,1371,2,7
2971,1371,4,2
2972,1372,11,2
2973,1372,1,3
2974,1373,3,2
2975,1373,6,8
2976,1374,8,8
2977,1374,6,4
2978,1374,7,1
2979,1374,7,10
2980,1375,4,8
2981,1376,9,5
2982,1376,1,9
2983,1377,8,2
2984,1377,6,1
2985,1377,5,1
2986,1377,1,5
2987,1378,4,1
2988,1379,3,6
2989,1380,6,6
2990,1380,2,6
2991,1380,3,4
2992,1380,8,5
2993,1381,7,2
2994,1381,8,3
2995,1382,1,2
2996,1382,9,10
2997,1383,9,9
2998,1383,1,6
2999,1384,3,5
3000,1385,8,7
3001,1386,3,7
3002,1386,4,3
3003,1386,4,5
3004,1387,1,4
3005,1387,6,10
3006,1387,7,5
3007,1387,8,4
3008,1388,8,3
3009,1388,6,9
3010,1389,8,4
3011,1390,5,7
3012,1391,1,1
3013,1391,1,7
3014,1392,1,5
3015,1393,1,3
3016,1394,7,6
3017,1394,2,10
3018,1395,3,2
3019,1395,6,7
3020,1396,7,1
3021,1397,5,9
3022,1397,4,4
3023,1398,1,6
3024,1399,3,5
3025,1399,8,8
3026,1399,9,10
3027,1399,1,10
3028,1400,3,8
3029,1400,4,5
3030,1400,2,1
3031,1401,7,7
3032,1401,9,4
3033,1401,9,5
3034,1402,6,2
3035,1402,6,6
3036,1403,6,3
3037,1404,8,2
3038,1404,5,1
3039,1405,8,1
3040,1405,7,4
3041,1406,4,10
3042,1406,7,9
3043,1407,2,7
3044,1408,6,10
3045,1408,4,6
3046,1409,1,4
3047,1410,5,8
3048,1411,2,4
3049,1411,4,3
3050,1411,2,8
3051,1411,2,9
3052,1412,1,2
3053,1413,2,6
3054,1414,5,4
3055,1414,3,7
3056,1415,9,3
3057,1416,7,5
3058,1416,9,9
3059,1417,5,10
3060,1417,1,9
3061,1418,8,6
3062,1419,8,1
3063,1419,2,3
3064,1419,3,10
3065,1420,4,8
3066,1421,5,5
3067,1421,9,6
3068,1421,1,3
3069,1421,5,10
3070,1422,6,8
3071,1422,2,10
3072,1423,1,4
3073,1424,2,2
3074,1425,1,3
3075,1425,4,1
3076,1426,5,3
3077,1426,5,6
3078,1427,9,6
3079,1427,10,4
3080,1428,6,3
3081,1428,4,6
3082,1429,10,6
3083,1430,6,5
3084,1431,9,1
3085,1431,8,6
3086,1432,2,6
3087,1432,2,1
3088,1433,4,5
3089,1434,4,2
3090,1434,3,1
3091,1434,2,2
3092,1434,1,4
3093,1435,5,4
3094,1435,10,5
3095,1436,6,6
3096,1437,3,4
3097,1437,9,5
3098,1438,8,5
3099,1438,7,5
3100,1438,5,2
3101,1438,3,5
3102,1439,6,2
3103,1439,1,2
3104,1440,5,5
3105,1440,1,5
3106,1440,4,3
3107,1441,2,4
3108,1442,10,2
3109,1442,4,1
3110,1442,9,4
3111,1443,8,3
3112,1444,6,3
3113,1444,8,6
3114,1444,9,5
3115,1444,3,4
3116,1445,4,1
3117,1445,9,4
3118,1446,3,9
3119,1446,12,5
3120,1447,2,7
3121,1447,10,5
3122,1447,10,2
3123,1448,16,9
3124,1448,11,10
3125,1449,4,8
3126,1449,18,8
3127,1450,2,9
3128,1450,11,1
3129,1451,5,5
3130,1452,2,5
3131,1453,1,7
3132,1453,5,1
3133,1454,3,7
3134,1454,7,3
3135,1455,18,2
3136,1456,5,7
3137,1456,12,9
3138,1457,8,1
3139,1458,15,4
3140,1459,18,1
3141,1460,3,5
3142,1461,16,7
3143,1461,16,4
3144,1462,12,7
3145,1462,1,8
3146,1462,10,6
3147,1463,18,7
3148,1463,3,8
3149,1463,12,4
3150,1464,2,6
3151,1465,10,10
3152,1466,13,1
3153,1466,8,5
3154,1467,6,3
3155,1468,2,2
3156,1468,11,3
3157,1468,10,7
3158,1469,17,7
3159,1469,1,1
3160,1469,11,4
3161,1469,2,1
3162,1470,7,4
3163,1470,16,6
3164,1471,3,3
3165,1471,16,5
3166,1472,5,10
3167,1473,14,10
3168,1473,2,10
3169,1474,9,2
3170,1475,15,6
3171,1475,6,1
3172,1476,14,1
3173,1477,17,8
3174,1477,18,5
3175,1477,13,10
3176,1478,14,6
3177,1478,4,7
3178,1479,9,6
3179,1480,3,6
3180,1480,8,8
3181,1480,3,2
3182,1480,7,6
3183,1481,15,8
3184,1482,1,4
3185,1482,10,3
3186,1482,4,5
3187,1482,6,5
3188,1483,11,8
3189,1484,16,10
3190,1484,7,5
3191,1484,14,9
3192,1485,1,6
3193,1486,4,9
3194,1486,9,7
3195,1487,7,2
3196,1487,11,5
3197,1487,8,7
3198,1488,13,2
3199,1489,4,3
3200,1490,4,2
3201,1490,11,7
3202,1491,17,4
3203,1492,14,3
3204,1493,15,3
3205,1493,15,2
3206,1493,12,8
3207,1494,6,9
3208,1494,8,9
3209,1494,6,7
3210,1495,1,3
3211,1495,11,2
3212,1495,18,10
3213,1496,13,5
3214,1496,11,9
3215,1497,15,7
3216,1498,12,1
3217,1498,14,7
3218,1499,2,3
3219,1499,9,3
3220,1499,15,10
3221,1499,5,3
3222,1500,13,7
3223,1500,14,5
3224,1500,3,1
3225,1500,1,2
3226,1501,17,3
3227,1501,17,9
3228,1502,18,6
3229,1503,7,9
3230,1503,7,7
3231,1503,7,8
3232,1503,2,10
3233,1504,4,6
3234,1505,1,10
3235,1505,1,7
3236,1506,7,3
3237,1506,5,9
3238,1506,2,3
3239,1506,16,4
3240,1507,14,4
3241,1507,16,3
3242,1507,15,4
3243,1507,7,10
3244,1508,2,6
3245,1508,8,6
3246,1508,15,9
3247,1508,12,2
3248,1509,4,10
3249,1509,10,8
3250,1510,18,7
3251,1511,15,8
3252,1511,12,4
3253,1512,6,2
3254,1512,16,5
3255,1512,6,1
3256,1513,7,4
3257,1513,15,6
3258,1513,13,3
3259,1513,2,4
3260,1514,14,6
3261,1514,4,3
3262,1514,4,7
3263,1515,3,4
3264,1516,15,2
3265,1516,9,3
3266,1517,2,9
3267,1517,8,8
3268,1518,16,2
3269,1518,12,7
3270,1518,1,2
3271,1518,7,2
3272,1519,12,10
3273,1519,4,9
3274,1520,1,8
3275,1520,4,5
3276,1520,14,5
3277,1520,18,5
3278,1521,17,3
3279,1522,11,9
3280,1522,9,10
3281,1523,10,2
3282,1523,17,10
3283,1524,10,5
3284,1525,16,1
3285,1526,1,2
3286,1526,17,3
3287,1526,9,9
3288,1526,16,10
3289,1527,6,3
3290,1527,14,7
3291,1527,17,2
3292,1527,1,8
3293,1528,16,3
3294,1528,8,5
3295,1529,16,8
3296,1530,6,5
3297,1530,1,6
3298,1531,5,5
3299,1532,9,10
3300,1532,8,4
3301,1532,18,3
3302,1532,4,3
3303,1533,2,2
3304,1533,17,1
3305,1534,10,2
3306,1535,5,8
3307,1535,1,7
3308,1535,17,4
3309,1536,12,6
3310,1537,10,4
3311,1537,8,6
3312,1537,6,2
3313,1537,1,5
3314,1538,4,5
3315,1538,13,4
3316,1539,9,8
3317,1539,6,8
3318,1540,1,4
3319,1540,4,8
3320,1540,11,1
3321,1540,10,3
3322,1541,17,10
3323,1541,12,10
3324,1541,11,7
3325,1541,18,4
3326,1542,14,5
3327,1542,11,2
3328,1543,10,5
3329,1544,10,9
3330,1545,18,8
3331,1545,1,10
3332,1546,9,5
3333,1546,8,1
3334,1547,6,10
3335,1548,17,6
3336,1549,13,9
3337,1549,2,8
3338,1550,18,10
3339,1550,14,3
3340,1550,11,10
3341,1551,6,7
3342,1551,4,1
3343,1551,4,9
3344,1551,11,3
3345,1552,8,7
3346,1552,12,8
3347,1552,12,10
3348,1552,3,2
3349,1553,7,4
3350,1553,6,3
3351,1553,10,8
3352,1553,4,2
3353,1554,5,7
3354,1555,6,1
3355,1556,1,5
3356,1556,8,6
3357,1556,9,7
3358,1557,8,1
3359,1557,11,4
3360,1558,3,1
3361,1559,7,5
3362,1559,10,9
3363,1559,12,5
3364,1559,11,5
3365,1560,6,10
3366,1560,10,7
3367,1561,2,6
3368,1561,7,3
3369,1562,1,7
3370,1563,4,7
3371,1564,4,5
3372,1564,4,6
3373,1564,4,3
3374,1565,2,2
3375,1566,7,10
3376,1567,5,9
3377,1567,11,9
3378,1567,11,7
3379,1568,7,1
3380,1568,12,1
3381,1568,7,6
3382,1568,9,1
3383,1569,8,2
3384,1569,5,8
3385,1570,10,1
3386,1571,2,10
3387,1571,3,7
3388,1571,8,1
3389,1571,1,6
3390,1572,11,6
3391,1573,4,4
3392,1573,8,10
3393,1573,9,10
3394,1574,1,3
3395,1575,2,6
3396,1575,7,5
3397,1575,1,9
3398,1575,5,9
3399,1576,7,1
3400,1576,5,4
3401,1576,6,8
3402,1576,3,5
3403,1577,1,10
3404,1578,7,3
3405,1578,3,8
3406,1578,8,3
3407,1579,2,5
3408,1580,5,7
3409,1580,1,4
3410,1581,4,8
3411,1581,5,6
3412,1581,1,1
3413,1581,7,8
3414,1582,6,7
3415,1582,6,9
3416,1583,12,10
3417,1584,7,10
3418,1584,9,9
3419,1585,11,3
3420,1586,8,8
3421,1586,11,2
3422,1587,4,6
3423,1588,10,8
3424,1588,5,5
3425,1589,9,8
3426,1589,2,2
3427,1589,10,1
3428,1590,3,2
3429,1591,11,5
3430,1591,12,2
3431,1591,2,8
3432,1591,1,8
3433,1592,6,4
3434,1592,9,4
3435,1592,9,3
3436,1592,4,10
3437,1593,3,10
3438,1593,10,9
3439,1594,10,7
3440,1595,10,3
3441,1595,11,1
3442,1596,6,3
3443,1596,6,6
3444,1596,5,1
3445,1597,12,7
3446,1597,3,3
3447,1597,9,1
3448,1597,7,9
3449,1598,7,2
3450,1599,8,2
3451,1599,9,2
3452,1599,6,1
3453,1599,3,1
3454,1600,4,1
3455,1600,8,7
3456,1601,10,10
3457,1602,1,2
3458,1603,6,10
3459,1603,9,2
3460,1603,2,9
3461,1603,8,9
3462,1604,11,5
3463,1604,1,8
3464,1605,7,10
3465,1605,4,9
3466,1606,8,10
3467,1606,1,10
3468,1606,9,4
3469,1606,1,2
3470,1607,1,1
3471,1607,5,4
3472,1607,1,3
3473,1608,3,5
3474,1609,11,1
3475,1610,10,4
3476,1611,9,1
3477,1612,7,5
3478,1612,3,7
3479,1612,1,9
3480,1613,7,6
3481,1613,6,5
3482,1613,7,9
3483,1614,10,5
3484,1614,7,1
3485,1615,8,3
3486,1615,1,3
3487,1615,3,1
3488,1615,5,4
3489,1616,3,5
3490,1617,8,10
3491,1617,3,7
3492,1617,4,3
3493,1617,2,10
3494,1618,9,5
3495,1618,5,9
3496,1619,1,6
3497,1619,2,2
3498,1620,2,6
3499,1620,3,4
3500,1621,1,1
3501,1622,4,5
3502,1622,6,8
3503,1623,7,8
3504,1624,6,5
3505,1624,2,9
3506,1624,1,8
3507,1624,6,2
3508,1625,9,7
3509,1626,6,9
3510,1626,9,1
3511,1626,4,9
3512,1627,5,3
3513,1628,2,5
3514,1629,3,2
3515,1630,1,7
3516,1630,3,6
3517,1631,1,9
3518,1632,8,1
3519,1633,9,6
3520,1633,6,1
3521,1634,8,4
3522,1635,7,2
3523,1636,7,3
3524,1636,9,4
3525,1636,7,6
3526,1636,6,3
3527,1637,8,9
3528,1637,9,3
3529,1637,3,3
3530,1637,7,4
3531,1638,8,7
3532,1639,9,10
3533,1639,6,7
3534,1640,4,6
3535,1640,1,2
3536,1640,2,1
3537,1640,1,5
3538,1641,3,8
3539,1641,4,8
3540,1641,8,6
3541,1642,8,2
3542,1643,1,9
3543,1643,4,2
3544,1643,9,1
3545,1644,3,2
3546,1644,4,9
3547,1644,2,7
3548,1644,1,10
3549,1645,5,4
3550,1645,3,9
3551,1645,4,1
3552,1645,5,5
3553,1646,1,5
3554,1647,9,7
3555,1648,4,6
3556,1649,3,10
3557,1649,9,9
3558,1650,5,3
3559,1651,2,8
3560,1651,8,8
3561,1651,6,10
3562,1652,8,5
3563,1652,2,9
3564,1652,4,1
3565,1652,6,9
3566,1653,6,6
3567,1654,9,10
3568,1654,3,3
3569,1654,1,4
3570,1655,3,7
3571,1656,2,10
3572,1657,5,10
3573,1657,4,6
3574,1657,3,10
3575,1658,2,1
3576,1658,5,6
3577,1659,6,7
3578,1659,7,3
3579,1660,4,8
3580,1660,9,7
3581,1661,4,5
3582,1661,6,3
3583,1662,7,10
3584,1663,5,1
3585,1664,1,2
3586,1664,6,5
3587,1665,1,7
3588,1665,7,5
3589,1665,4,2
3590,1666,6,8
3591,1666,9,2
3592,1666,9,6
3593,1666,5,7
3594,1667,1,1
3595,1667,8,10
3596,1668,5,4
3597,1668,3,1
3598,1669,8,1
3599,1670,2,3
3600,1670,9,5
3601,1670,5,3
3602,1670,7,6
3603,1671,4,9
3604,1671,5,8
3605,1671,1,10
3606,1672,3,9
3607,1672,9,9
3608,1673,8,4
3609,1674,9,1
3610,1674,1,6
3611,1675,9,5
3612,1675,9,4
3613,1676,10,4
3614,1677,1,3
3615,1677,2,3
3616,1677,6,2
3617,1678,1,1
3618,1678,7,5
3619,1679,4,6
3620,1680,5,6
3621,1680,7,2
3622,1681,6,3
3623,1681,7,1
3624,1682,3,5
3625,1683,4,5
3626,1683,3,4
3627,1684,10,2
3628,1685,2,2
3629,1685,3,3
3630,1686,8,2
3631,1687,8,3
3632,1688,1,5
3633,1688,10,3
3634,1688,9,3
3635,1688,10,6
3636,1689,4,1
3637,1689,8,6
3638,1689,4,3
3639,1690,10,5
3640,1690,3,6
3641,1690,7,3
3642,1691,10,1
3643,1691,8,5
3644,1692,1,2
3645,1693,9,6
3646,1694,2,6
3647,1694,5,4
3648,1695,6,4
3649,1695,5,1
3650,1695,8,1
3651,1696,9,5
3652,1696,5,6
3653,1696,7,5
3654,1696,2,1
3655,1697,10,4
3656,1698,8,4
3657,1699,7,3
3658,1699,4,3
3659,1699,2,6
3660,1699,3,2
3661,1700,4,1
3662,1700,9,2
3663,1701,6,5
3664,1702,9,6
3665,1703,3,4
3666,1704,1,6
3667,1705,5,2
3668,1705,2,2
3669,1705,8,1
3670,1706,1,5
3671,1706,10,3
3672,1706,1,4
3673,1706,6,4
3674,1707,2,5
3675,1707,7,2
3676,1708,5,5
3677,1708,10,1
3678,1708,3,3
3679,1708,8,5
3680,1709,6,6
