id,proiezione_id,utente_id,stato,created_at
1,1,10,cancelled,2026-08-01T11:30:00Z
2,1,6,confirmed,2026-07-21T22:30:00Z
3,1,4,confirmed,2026-07-29T17:30:00Z
4,1,7,confirmed,2026-07-20T07:30:00Z
5,1,10,confirmed,2026-07-20T14:30:00Z
6,1,3,confirmed,2026-07-29T14:30:00Z
7,1,2,confirmed,2026-07-23T07:30:00Z
8,1,4,confirmed,2026-07-22T02:30:00Z
9,1,10,confirmed,2026-07-22T11:30:00Z
10,1,10,confirmed,2026-07-23T22:30:00Z
11,1,4,confirmed,2026-07-29T04:30:00Z
12,1,16,confirmed,2026-07-29T18:30:00Z
13,1,5,confirmed,2026-07-20T22:30:00Z
14,1,16,cancelled,2026-07-22T11:30:00Z
15,1,16,confirmed,2026-07-21T10:30:00Z
16,1,16,confirmed,2026-07-22T05:30:00Z
17,1,14,confirmed,2026-07-19T16:30:00Z
18,1,14,confirmed,2026-07-20T17:30:00Z
19,1,3,confirmed,2026-07-20T00:30:00Z
20,1,5,confirmed,2026-07-26T04:30:00Z
21,1,6,confirmed,2026-07-23T09:30:00Z
22,1,8,confirmed,2026-08-01T07:30:00Z
23,1,7,confirmed,2026-07-22T22:30:00Z
24,1,7,confirmed,2026-07-29T10:30:00Z
25,1,11,confirmed,2026-07-24T02:30:00Z
26,1,7,confirmed,2026-07-26T20:30:00Z
27,1,10,confirmed,2026-07-24T09:30:00Z
28,1,6,confirmed,2026-08-01T23:30:00Z
29,1,16,confirmed,2026-07-21T16:30:00Z
30,1,12,confirmed,2026-07-31T18:30:00Z
31,1,16,confirmed,2026-07-23T12:30:00Z
32,1,13,confirmed,2026-07-23T02:30:00Z
33,1,7,confirmed,2026-07-25T11:30:00Z
34,1,5,confirmed,2026-07-26T18:30:00Z
35,1,13,confirmed,2026-07-29T03:30:00Z
36,1,10,confirmed,2026-07-30T02:30:00Z
37,1,14,confirmed,2026-07-28T01:30:00Z
38,1,9,confirmed,2026-07-25T00:30:00Z
39,1,14,confirmed,2026-08-01T06:30:00Z
40,1,10,confirmed,2026-07-28T13:30:00Z
41,1,15,confirmed,2026-07-30T09:30:00Z
42,1,4,confirmed,2026-07-25T20:30:00Z
43,1,15,confirmed,2026-07-22T21:30:00Z
44,1,5,confirmed,2026-07-26T03:30:00Z
45,1,5,confirmed,2026-08-02T12:30:00Z
46,1,14,confirmed,2026-07-20T17:30:00Z
47,1,10,confirmed,2026-07-30T12:30:00Z
48,1,9,confirmed,2026-07-22T23:30:00Z
49,1,10,confirmed,2026-07-21T01:30:00Z
50,2,11,confirmed,2026-07-28T18:10:00Z
51,2,9,confirmed,2026-07-30T07:10:00Z
52,2,14,confirmed,2026-07-23T20:10:00Z
53,2,16,confirmed,2026-07-25T12:10:00Z
54,2,3,confirmed,2026-07-26T01:10:00Z
55,2,14,confirmed,2026-07-22T20:10:00Z
56,2,9,confirmed,2026-08-01T09:10:00Z
57,2,5,confirmed,2026-07-28T21:10:00Z
58,2,11,confirmed,2026-07-25T07:10:00Z
59,2,8,confirmed,2026-07-27T20:10:00Z
60,2,9,confirmed,2026-07-30T15:10:00Z
61,2,13,confirmed,2026-07-22T01:10:00Z
62,2,14,confirmed,2026-07-29T19:10:00Z
63,2,9,confirmed,2026-07-21T02:10:00Z
64,2,11,cancelled,2026-07-20T12:10:00Z
65,2,6,confirmed,2026-07-29T18:10:00Z
66,2,13,confirmed,2026-08-02T17:10:00Z
67,2,10,confirmed,2026-07-30T22:10:00Z
68,2,15,confirmed,2026-08-02T00:10:00Z
69,2,6,confirmed,2026-07-28T13:10:00Z
70,2,2,cancelled,2026-07-26T15:10:00Z
71,2,15,confirmed,2026-08-01T00:10:00Z
72,2,12,confirmed,2026-07-31T00:10:00Z
73,2,6,cancelled,2026-08-01T01:10:00Z
74,2,14,confirmed,2026-07-20T23:10:00Z
75,2,5,confirmed,2026-07-26T09:10:00Z
76,2,15,cancelled,2026-07-29T00:10:00Z
77,2,11,confirmed,2026-07-22T15:10:00Z
78,2,14,confirmed,2026-07-28T21:10:00Z
79,2,3,confirmed,2026-07-25T16:10:00Z
80,2,4,confirmed,2026-07-21T23:10:00Z
81,2,9,confirmed,2026-07-28T20:10:00Z
82,2,6,confirmed,2026-07-31T21:10:00Z
83,2,5,confirmed,2026-07-23T00:10:00Z
84,2,12,confirmed,2026-07-25T11:10:00Z
85,2,12,cancelled,2026-07-20T14:10:00Z
86,2,3,confirmed,2026-07-28T23:10:00Z
87,2,13,cancelled,2026-07-26T15:10:00Z
88,2,9,confirmed,2026-07-27T10:10:00Z
89,2,10,confirmed,2026-07-31T23:10:00Z
90,2,2,confirmed,2026-07-24T10:10:00Z
91,2,2,confirmed,2026-07-23T00:10:00Z
92,2,11,cancelled,2026-07-23T10:10:00Z
93,2,11,confirmed,2026-07-31T03:10:00Z
94,2,10,confirmed,2026-07-29T13:10:00Z
95,2,11,confirmed,2026-07-26T16:10:00Z
96,2,9,confirmed,2026-07-27T21:10:00Z
97,2,3,confirmed,2026-07-22T03:10:00Z
98,2,6,cancelled,2026-07-20T01:10:00Z
99,2,2,confirmed,2026-07-29T08:10:00Z
100,2,3,confirmed,2026-07-20T18:10:00Z
101,3,7,confirmed,2026-07-26T22:37:00Z
102,3,6,confirmed,2026-07-30T08:37:00Z
103,3,15,confirmed,2026-07-27T02:37:00Z
104,3,7,confirmed,2026-07-22T11:37:00Z
105,3,2,confirmed,2026-08-02T02:37:00Z
106,3,15,confirmed,2026-08-02T01:37:00Z
107,3,13,confirmed,2026-07-29T13:37:00Z
108,3,11,confirmed,2026-07-30T01:37:00Z
109,3,6,confirmed,2026-07-20T23:37:00Z
110,4,11,confirmed,2026-07-28T08:30:00Z
111,4,4,confirmed,2026-07-19T22:30:00Z
112,4,5,confirmed,2026-07-20T08:30:00Z
113,4,7,confirmed,2026-07-24T15:30:00Z
114,4,6,cancelled,2026-07-25T07:30:00Z
115,4,14,confirmed,2026-07-20T15:30:00Z
116,4,4,confirmed,2026-07-21T08:30:00Z
117,4,11,confirmed,2026-07-29T14:30:00Z
118,4,4,confirmed,2026-07-31T16:30:00Z
119,4,3,confirmed,2026-07-27T23:30:00Z
120,4,11,confirmed,2026-07-29T20:30:00Z
121,4,2,confirmed,2026-07-19T18:30:00Z
122,4,10,confirmed,2026-08-02T14:30:00Z
123,4,9,confirmed,2026-08-01T00:30:00Z
124,4,13,confirmed,2026-08-01T05:30:00Z
125,4,11,confirmed,2026-07-28T20:30:00Z
126,4,12,confirmed,2026-07-28T03:30:00Z
127,4,11,confirmed,2026-07-24T20:30:00Z
128,4,8,confirmed,2026-07-31T19:30:00Z
129,4,12,confirmed,2026-07-30T02:30:00Z
130,4,9,confirmed,2026-07-20T01:30:00Z
131,4,8,confirmed,2026-07-28T02:30:00Z
132,4,7,confirmed,2026-07-30T18:30:00Z
133,4,16,confirmed,2026-07-20T13:30:00Z
134,4,3,confirmed,2026-07-22T04:30:00Z
135,4,14,confirmed,2026-07-23T22:30:00Z
136,4,10,confirmed,2026-07-27T04:30:00Z
137,4,15,cancelled,2026-07-26T16:30:00Z
138,4,2,confirmed,2026-07-28T12:30:00Z
139,4,11,confirmed,2026-07-23T00:30:00Z
140,5,8,confirmed,2026-08-02T07:57:00Z
141,5,4,confirmed,2026-07-22T06:57:00Z
142,5,3,confirmed,2026-07-30T04:57:00Z
143,5,11,confirmed,2026-07-27T08:57:00Z
144,5,13,confirmed,2026-07-21T12:57:00Z
145,5,3,confirmed,2026-07-25T01:57:00Z
146,5,5,confirmed,2026-07-19T21:57:00Z
147,5,15,confirmed,2026-07-31T09:57:00Z
148,5,5,confirmed,2026-07-20T21:57:00Z
149,5,3,cancelled,2026-07-23T02:57:00Z
150,5,9,confirmed,2026-07-25T20:57:00Z
151,5,16,confirmed,2026-07-24T07:57:00Z
152,5,15,confirmed,2026-07-26T15:57:00Z
153,5,9,confirmed,2026-07-21T09:57:00Z
154,5,11,confirmed,2026-08-01T08:57:00Z
155,5,9,confirmed,2026-07-28T08:57:00Z
156,5,3,confirmed,2026-07-20T15:57:00Z
157,5,11,confirmed,2026-07-25T23:57:00Z
158,5,10,confirmed,2026-07-25T23:57:00Z
159,5,12,confirmed,2026-07-26T01:57:00Z
160,5,4,confirmed,2026-07-21T07:57:00Z
161,5,13,confirmed,2026-07-31T16:57:00Z
162,5,5,confirmed,2026-07-26T01:57:00Z
163,5,10,confirmed,2026-07-28T08:57:00Z
164,5,8,confirmed,2026-07-22T22:57:00Z
165,5,2,confirmed,2026-08-01T07:57:00Z
166,5,3,confirmed,2026-07-29T09:57:00Z
167,5,13,cancelled,2026-07-24T13:57:00Z
168,6,15,confirmed,2026-07-31T18:00:00Z
169,6,15,confirmed,2026-07-29T14:00:00Z
170,6,14,confirmed,2026-07-25T12:00:00Z
171,6,15,confirmed,2026-07-30T02:00:00Z
172,6,16,cancelled,2026-07-27T15:00:00Z
173,6,8,confirmed,2026-07-27T14:00:00Z
174,6,7,confirmed,2026-07-31T18:00:00Z
175,6,12,confirmed,2026-07-31T15:00:00Z
176,6,6,confirmed,2026-07-30T18:00:00Z
177,6,9,confirmed,2026-08-01T16:00:00Z
178,6,6,confirmed,2026-07-24T17:00:00Z
179,6,11,confirmed,2026-07-21T07:00:00Z
180,6,5,confirmed,2026-07-30T03:00:00Z
181,6,12,confirmed,2026-08-01T01:00:00Z
182,6,11,confirmed,2026-07-24T22:00:00Z
183,6,5,confirmed,2026-07-27T16:00:00Z
184,6,11,confirmed,2026-07-27T11:00:00Z
185,6,12,confirmed,2026-07-28T14:00:00Z
186,6,10,confirmed,2026-07-24T23:00:00Z
187,6,2,confirmed,2026-08-01T20:00:00Z
188,7,16,confirmed,2026-07-27T10:05:00Z
189,7,12,confirmed,2026-07-23T06:05:00Z
190,7,7,confirmed,2026-07-23T13:05:00Z
191,7,2,confirmed,2026-07-23T04:05:00Z
192,7,2,confirmed,2026-07-20T22:05:00Z
193,7,7,confirmed,2026-07-24T17:05:00Z
194,7,11,confirmed,2026-07-28T07:05:00Z
195,7,9,confirmed,2026-07-25T07:05:00Z
196,7,8,confirmed,2026-07-30T15:05:00Z
197,7,2,confirmed,2026-07-25T06:05:00Z
198,7,16,confirmed,2026-07-21T10:05:00Z
199,7,13,confirmed,2026-07-24T09:05:00Z
200,7,13,confirmed,2026-07-31T16:05:00Z
201,7,9,confirmed,2026-07-26T16:05:00Z
202,7,14,cancelled,2026-07-27T21:05:00Z
203,7,7,confirmed,2026-07-25T09:05:00Z
204,7,16,confirmed,2026-07-21T20:05:00Z
205,7,16,confirmed,2026-07-21T07:05:00Z
206,7,10,confirmed,2026-07-30T14:05:00Z
207,7,5,confirmed,2026-07-25T00:05:00Z
208,7,7,confirmed,2026-07-25T14:05:00Z
209,7,11,confirmed,2026-07-26T20:05:00Z
210,7,13,confirmed,2026-07-21T05:05:00Z
211,7,15,confirmed,2026-07-27T22:05:00Z
212,8,10,confirmed,2026-07-30T06:18:00Z
213,8,3,confirmed,2026-07-31T17:18:00Z
214,8,2,cancelled,2026-07-20T01:18:00Z
215,8,8,cancelled,2026-07-31T10:18:00Z
216,8,16,confirmed,2026-07-30T15:18:00Z
217,8,9,confirmed,2026-07-29T05:18:00Z
218,8,2,cancelled,2026-07-25T06:18:00Z
219,8,5,confirmed,2026-08-02T19:18:00Z
220,8,6,confirmed,2026-07-20T00:18:00Z
221,8,12,confirmed,2026-08-02T17:18:00Z
222,8,8,confirmed,2026-07-22T09:18:00Z
223,8,14,confirmed,2026-07-27T19:18:00Z
224,8,11,confirmed,2026-07-25T11:18:00Z
225,8,3,confirmed,2026-07-21T03:18:00Z
226,8,6,confirmed,2026-08-01T16:18:00Z
227,8,3,confirmed,2026-07-28T03:18:00Z
228,8,7,confirmed,2026-07-25T08:18:00Z
229,8,10,confirmed,2026-07-30T22:18:00Z
230,8,7,confirmed,2026-07-31T01:18:00Z
231,8,16,confirmed,2026-07-24T10:18:00Z
232,8,4,cancelled,2026-07-22T11:18:00Z
233,8,11,confirmed,2026-07-25T03:18:00Z
234,8,9,confirmed,2026-07-26T20:18:00Z
235,8,7,confirmed,2026-07-27T02:18:00Z
236,8,6,confirmed,2026-07-23T20:18:00Z
237,9,6,confirmed,2026-07-21T19:00:00Z
238,9,9,confirmed,2026-07-24T18:00:00Z
239,9,6,confirmed,2026-07-23T00:00:00Z
240,9,8,confirmed,2026-07-21T13:00:00Z
241,9,6,confirmed,2026-07-22T15:00:00Z
242,9,7,confirmed,2026-07-22T02:00:00Z
243,9,5,confirmed,2026-07-29T00:00:00Z
244,9,13,confirmed,2026-07-23T18:00:00Z
245,10,14,confirmed,2026-07-22T04:56:00Z
246,10,12,confirmed,2026-08-01T19:56:00Z
247,10,7,confirmed,2026-07-21T12:56:00Z
248,10,4,confirmed,2026-07-27T05:56:00Z
249,10,10,confirmed,2026-07-23T15:56:00Z
250,10,4,confirmed,2026-07-30T18:56:00Z
251,10,6,confirmed,2026-07-21T10:56:00Z
252,10,7,confirmed,2026-07-24T18:56:00Z
253,10,6,confirmed,2026-07-30T17:56:00Z
254,11,7,confirmed,2026-08-01T06:30:00Z
255,11,8,confirmed,2026-07-27T08:30:00Z
256,11,15,confirmed,2026-07-23T11:30:00Z
257,11,14,cancelled,2026-07-26T02:30:00Z
258,11,8,confirmed,2026-07-28T08:30:00Z
259,11,6,confirmed,2026-08-02T01:30:00Z
260,11,15,confirmed,2026-07-23T09:30:00Z
261,11,2,confirmed,2026-07-24T20:30:00Z
262,11,2,confirmed,2026-07-21T21:30:00Z
263,11,13,confirmed,2026-07-27T09:30:00Z
264,11,15,confirmed,2026-08-03T09:30:00Z
265,11,16,cancelled,2026-08-01T16:30:00Z
266,11,14,cancelled,2026-07-22T20:30:00Z
267,11,13,confirmed,2026-07-30T22:30:00Z
268,11,7,confirmed,2026-07-25T19:30:00Z
269,11,7,confirmed,2026-07-26T00:30:00Z
270,11,9,confirmed,2026-07-23T00:30:00Z
271,11,14,cancelled,2026-07-29T05:30:00Z
272,11,8,confirmed,2026-07-30T16:30:00Z
273,11,4,confirmed,2026-07-24T21:30:00Z
274,11,13,confirmed,2026-07-31T05:30:00Z
275,11,5,confirmed,2026-07-31T00:30:00Z
276,11,10,cancelled,2026-07-29T07:30:00Z
277,11,14,cancelled,2026-07-23T16:30:00Z
278,11,9,confirmed,2026-07-22T04:30:00Z
279,11,4,confirmed,2026-07-27T10:30:00Z
280,11,16,cancelled,2026-08-02T23:30:00Z
281,11,2,cancelled,2026-07-24T14:30:00Z
282,11,14,confirmed,2026-07-20T19:30:00Z
283,11,5,confirmed,2026-08-03T09:30:00Z
284,11,10,confirmed,2026-07-24T19:30:00Z
285,11,12,cancelled,2026-07-24T00:30:00Z
286,11,2,confirmed,2026-07-28T15:30:00Z
287,11,2,confirmed,2026-07-26T06:30:00Z
288,11,2,confirmed,2026-07-24T02:30:00Z
289,11,14,confirmed,2026-08-01T23:30:00Z
290,11,4,confirmed,2026-07-26T07:30:00Z
291,11,15,confirmed,2026-07-28T13:30:00Z
292,11,7,confirmed,2026-07-30T17:30:00Z
293,11,5,confirmed,2026-07-21T13:30:00Z
294,11,12,confirmed,2026-08-02T03:30:00Z
295,11,8,confirmed,2026-08-02T19:30:00Z
296,11,2,confirmed,2026-07-27T02:30:00Z
297,11,12,confirmed,2026-07-21T12:30:00Z
298,11,16,cancelled,2026-07-31T09:30:00Z
299,11,16,confirmed,2026-07-27T07:30:00Z
300,11,2,confirmed,2026-07-29T22:30:00Z
301,11,11,confirmed,2026-07-21T05:30:00Z
302,11,2,confirmed,2026-07-21T17:30:00Z
303,11,15,cancelled,2026-07-30T10:30:00Z
304,11,11,confirmed,2026-07-21T03:30:00Z
305,11,12,confirmed,2026-07-21T16:30:00Z
306,11,4,confirmed,2026-07-25T16:30:00Z
307,12,12,confirmed,2026-07-22T08:10:00Z
308,12,14,confirmed,2026-08-02T10:10:00Z
309,12,5,confirmed,2026-07-26T00:10:00Z
310,12,13,confirmed,2026-07-29T06:10:00Z
311,12,9,confirmed,2026-07-26T14:10:00Z
312,12,7,confirmed,2026-07-30T05:10:00Z
313,12,16,confirmed,2026-07-23T14:10:00Z
314,12,7,confirmed,2026-07-22T12:10:00Z
315,12,10,confirmed,2026-08-02T04:10:00Z
316,12,13,confirmed,2026-08-02T09:10:00Z
317,12,2,confirmed,2026-07-21T08:10:00Z
318,12,12,confirmed,2026-07-31T19:10:00Z
319,12,5,confirmed,2026-08-01T08:10:00Z
320,12,10,cancelled,2026-07-31T06:10:00Z
321,12,12,confirmed,2026-07-24T05:10:00Z
322,12,8,confirmed,2026-07-31T04:10:00Z
323,12,11,confirmed,2026-07-23T12:10:00Z
324,12,5,confirmed,2026-07-22T16:10:00Z
325,12,11,confirmed,2026-07-26T13:10:00Z
326,12,7,confirmed,2026-08-02T10:10:00Z
327,12,12,confirmed,2026-07-24T08:10:00Z
328,12,11,confirmed,2026-07-25T15:10:00Z
329,12,7,confirmed,2026-07-25T13:10:00Z
330,12,15,confirmed,2026-07-29T23:10:00Z
331,12,11,confirmed,2026-07-29T15:10:00Z
332,12,5,confirmed,2026-07-28T20:10:00Z
333,12,4,confirmed,2026-07-25T14:10:00Z
334,12,11,confirmed,2026-07-26T22:10:00Z
335,12,10,cancelled,2026-08-01T01:10:00Z
336,12,4,confirmed,2026-08-01T08:10:00Z
337,12,15,confirmed,2026-07-21T07:10:00Z
338,12,2,confirmed,2026-07-21T06:10:00Z
339,12,10,confirmed,2026-07-27T21:10:00Z
340,12,9,confirmed,2026-07-27T03:10:00Z
341,12,4,confirmed,2026-07-22T11:10:00Z
342,12,6,confirmed,2026-07-26T09:10:00Z
343,12,4,confirmed,2026-07-22T03:10:00Z
344,12,10,confirmed,2026-08-02T10:10:00Z
345,13,13,confirmed,2026-08-01T07:10:00Z
346,13,11,confirmed,2026-07-31T18:10:00Z
347,13,16,confirmed,2026-08-02T02:10:00Z
348,13,13,confirmed,2026-07-28T10:10:00Z
349,13,14,confirmed,2026-07-24T18:10:00Z
350,13,5,confirmed,2026-07-23T01:10:00Z
351,13,6,confirmed,2026-07-20T23:10:00Z
352,13,16,confirmed,2026-07-25T04:10:00Z
353,13,5,confirmed,2026-07-24T19:10:00Z
354,13,14,confirmed,2026-08-02T13:10:00Z
355,13,9,confirmed,2026-07-26T20:10:00Z
356,13,7,confirmed,2026-07-21T02:10:00Z
357,13,8,confirmed,2026-08-01T05:10:00Z
358,13,14,confirmed,2026-08-02T20:10:00Z
359,13,6,confirmed,2026-08-03T08:10:00Z
360,13,10,confirmed,2026-07-26T07:10:00Z
361,13,8,confirmed,2026-07-24T03:10:00Z
362,13,10,confirmed,2026-08-02T11:10:00Z
363,13,3,cancelled,2026-07-22T16:10:00Z
364,13,10,confirmed,2026-07-24T00:10:00Z
365,13,12,confirmed,2026-07-23T07:10:00Z
366,13,13,confirmed,2026-08-02T07:10:00Z
367,13,3,confirmed,2026-08-03T11:10:00Z
368,13,12,confirmed,2026-08-01T17:10:00Z
369,13,2,confirmed,2026-08-03T15:10:00Z
370,13,9,confirmed,2026-07-21T21:10:00Z
371,13,6,confirmed,2026-07-23T12:10:00Z
372,13,13,confirmed,2026-08-03T10:10:00Z
373,13,14,confirmed,2026-08-02T12:10:00Z
374,13,13,confirmed,2026-07-27T06:10:00Z
375,14,16,confirmed,2026-07-23T05:30:00Z
376,14,7,confirmed,2026-08-02T09:30:00Z
377,14,4,confirmed,2026-08-02T10:30:00Z
378,14,9,confirmed,2026-08-01T22:30:00Z
379,14,7,confirmed,2026-07-27T07:30:00Z
380,14,15,confirmed,2026-07-21T18:30:00Z
381,14,6,confirmed,2026-08-03T09:30:00Z
382,14,15,confirmed,2026-07-23T08:30:00Z
383,14,7,confirmed,2026-07-24T06:30:00Z
384,14,6,confirmed,2026-07-28T01:30:00Z
385,14,10,confirmed,2026-08-02T01:30:00Z
386,14,3,confirmed,2026-08-03T08:30:00Z
387,14,4,confirmed,2026-07-28T18:30:00Z
388,14,12,confirmed,2026-07-25T07:30:00Z
389,14,16,confirmed,2026-08-02T09:30:00Z
390,14,16,confirmed,2026-08-01T13:30:00Z
391,14,16,confirmed,2026-07-27T14:30:00Z
392,14,4,confirmed,2026-07-23T03:30:00Z
393,14,9,confirmed,2026-07-28T10:30:00Z
394,14,7,cancelled,2026-07-30T07:30:00Z
395,14,9,confirmed,2026-07-24T20:30:00Z
396,14,5,confirmed,2026-07-27T22:30:00Z
397,14,9,confirmed,2026-07-28T11:30:00Z
398,14,8,confirmed,2026-07-21T23:30:00Z
399,14,5,cancelled,2026-07-26T15:30:00Z
400,14,8,confirmed,2026-07-26T00:30:00Z
401,14,7,confirmed,2026-07-28T07:30:00Z
402,14,4,confirmed,2026-07-31T15:30:00Z
403,14,16,confirmed,2026-07-26T23:30:00Z
404,14,7,cancelled,2026-08-01T12:30:00Z
405,14,5,confirmed,2026-07-25T16:30:00Z
406,14,2,confirmed,2026-07-22T03:30:00Z
407,14,7,confirmed,2026-07-25T05:30:00Z
408,14,14,confirmed,2026-07-25T15:30:00Z
409,14,13,confirmed,2026-07-24T21:30:00Z
410,15,3,confirmed,2026-07-28T12:30:00Z
411,15,13,confirmed,2026-08-02T07:30:00Z
412,15,11,confirmed,2026-07-23T17:30:00Z
413,15,8,confirmed,2026-07-28T12:30:00Z
414,15,2,confirmed,2026-07-31T04:30:00Z
415,15,13,confirmed,2026-07-23T00:30:00Z
416,15,6,confirmed,2026-07-31T14:30:00Z
417,15,2,confirmed,2026-07-21T02:30:00Z
418,15,4,confirmed,2026-07-28T15:30:00Z
419,15,6,confirmed,2026-07-27T11:30:00Z
420,15,3,confirmed,2026-07-24T08:30:00Z
421,15,3,confirmed,2026-07-30T05:30:00Z
422,15,9,confirmed,2026-07-30T15:30:00Z
423,15,12,confirmed,2026-07-29T05:30:00Z
424,15,7,confirmed,2026-07-30T03:30:00Z
425,15,9,confirmed,2026-07-29T23:30:00Z
426,15,2,confirmed,2026-07-24T14:30:00Z
427,16,3,confirmed,2026-07-21T06:35:00Z
428,16,13,confirmed,2026-07-21T08:35:00Z
429,16,15,confirmed,2026-08-01T17:35:00Z
430,16,6,confirmed,2026-08-01T03:35:00Z
431,16,16,confirmed,2026-07-31T13:35:00Z
432,16,15,confirmed,2026-07-27T18:35:00Z
433,16,16,confirmed,2026-07-30T08:35:00Z
434,16,15,confirmed,2026-07-24T16:35:00Z
435,16,12,confirmed,2026-07-27T00:35:00Z
436,16,9,cancelled,2026-07-27T01:35:00Z
437,16,10,confirmed,2026-07-21T11:35:00Z
438,16,13,confirmed,2026-08-03T07:35:00Z
439,16,2,confirmed,2026-07-22T13:35:00Z
440,16,15,confirmed,2026-07-24T13:35:00Z
441,16,6,confirmed,2026-08-02T22:35:00Z
442,16,2,cancelled,2026-07-24T14:35:00Z
443,16,11,confirmed,2026-07-25T10:35:00Z
444,16,13,confirmed,2026-07-28T07:35:00Z
445,16,15,confirmed,2026-07-31T05:35:00Z
446,16,6,confirmed,2026-07-25T07:35:00Z
447,16,11,confirmed,2026-07-24T08:35:00Z
448,16,10,confirmed,2026-07-30T10:35:00Z
449,16,12,confirmed,2026-07-29T11:35:00Z
450,16,12,confirmed,2026-07-29T23:35:00Z
451,16,13,confirmed,2026-08-01T03:35:00Z
452,16,14,confirmed,2026-07-22T00:35:00Z
453,16,8,confirmed,2026-07-31T20:35:00Z
454,17,8,confirmed,2026-07-28T01:00:00Z
455,17,8,confirmed,2026-07-30T17:00:00Z
456,17,7,confirmed,2026-07-22T00:00:00Z
457,17,5,confirmed,2026-07-23T17:00:00Z
458,17,5,confirmed,2026-07-29T07:00:00Z
459,17,4,confirmed,2026-07-25T07:00:00Z
460,17,4,confirmed,2026-07-30T07:00:00Z
461,17,9,confirmed,2026-07-26T06:00:00Z
462,17,8,cancelled,2026-07-29T01:00:00Z
463,18,6,confirmed,2026-08-02T13:27:00Z
464,18,15,confirmed,2026-07-28T21:27:00Z
465,18,7,confirmed,2026-08-02T17:27:00Z
466,18,2,confirmed,2026-08-01T08:27:00Z
467,18,7,cancelled,2026-07-29T19:27:00Z
468,18,3,confirmed,2026-08-01T15:27:00Z
469,18,8,cancelled,2026-07-30T06:27:00Z
470,18,13,confirmed,2026-07-24T13:27:00Z
471,18,3,confirmed,2026-08-03T13:27:00Z
472,18,3,cancelled,2026-07-27T00:27:00Z
473,18,12,confirmed,2026-07-28T07:27:00Z
474,18,11,confirmed,2026-07-20T19:27:00Z
475,18,16,confirmed,2026-07-27T15:27:00Z
476,18,16,confirmed,2026-08-02T10:27:00Z
477,18,12,confirmed,2026-07-20T21:27:00Z
478,18,10,confirmed,2026-07-25T11:27:00Z
479,18,12,confirmed,2026-07-22T20:27:00Z
480,18,11,confirmed,2026-07-23T11:27:00Z
481,18,9,confirmed,2026-07-24T06:27:00Z
482,18,4,confirmed,2026-07-25T17:27:00Z
483,19,3,confirmed,2026-07-23T23:23:00Z
484,19,11,confirmed,2026-07-27T06:23:00Z
485,19,12,cancelled,2026-08-01T05:23:00Z
486,19,2,confirmed,2026-07-26T07:23:00Z
487,19,15,confirmed,2026-07-26T15:23:00Z
488,19,13,confirmed,2026-07-21T16:23:00Z
489,19,3,confirmed,2026-07-25T10:23:00Z
490,19,10,confirmed,2026-07-24T22:23:00Z
491,19,14,confirmed,2026-07-29T11:23:00Z
492,19,9,confirmed,2026-07-24T22:23:00Z
493,19,16,confirmed,2026-07-20T22:23:00Z
494,19,10,confirmed,2026-07-26T00:23:00Z
495,19,5,confirmed,2026-07-23T11:23:00Z
496,19,12,cancelled,2026-07-31T22:23:00Z
497,19,12,confirmed,2026-07-23T00:23:00Z
498,19,7,confirmed,2026-07-29T03:23:00Z
499,19,9,confirmed,2026-07-23T22:23:00Z
500,19,8,confirmed,2026-07-21T03:23:00Z
501,19,6,confirmed,2026-07-26T17:23:00Z
502,19,2,confirmed,2026-07-24T19:23:00Z
503,19,5,confirmed,2026-08-01T11:23:00Z
504,19,12,confirmed,2026-08-02T22:23:00Z
505,20,11,confirmed,2026-07-26T19:00:00Z
506,20,16,confirmed,2026-07-28T22:00:00Z
507,20,2,confirmed,2026-07-24T08:00:00Z
508,20,9,confirmed,2026-08-01T19:00:00Z
509,20,7,confirmed,2026-08-01T01:00:00Z
510,21,12,confirmed,2026-07-28T16:40:00Z
511,21,5,confirmed,2026-07-23T06:40:00Z
512,21,12,confirmed,2026-08-01T19:40:00Z
513,21,9,confirmed,2026-08-02T17:40:00Z
514,21,2,confirmed,2026-07-26T17:40:00Z
515,21,11,cancelled,2026-07-28T07:40:00Z
516,21,9,confirmed,2026-07-29T19:40:00Z
517,22,2,confirmed,2026-08-01T13:30:00Z
518,22,6,confirmed,2026-07-25T09:30:00Z
519,22,10,confirmed,2026-07-28T14:30:00Z
520,22,2,confirmed,2026-07-23T23:30:00Z
521,22,12,confirmed,2026-07-30T21:30:00Z
522,22,10,confirmed,2026-07-25T03:30:00Z
523,22,7,confirmed,2026-07-22T13:30:00Z
524,22,10,confirmed,2026-07-31T23:30:00Z
525,22,8,confirmed,2026-07-30T00:30:00Z
526,22,14,confirmed,2026-08-03T23:30:00Z
527,22,16,confirmed,2026-08-01T13:30:00Z
528,22,10,confirmed,2026-08-02T10:30:00Z
529,22,4,confirmed,2026-07-22T12:30:00Z
530,22,12,confirmed,2026-07-29T16:30:00Z
531,22,3,confirmed,2026-07-28T09:30:00Z
532,22,11,confirmed,2026-07-29T15:30:00Z
533,22,5,confirmed,2026-07-26T10:30:00Z
534,22,4,confirmed,2026-07-26T11:30:00Z
535,22,2,confirmed,2026-08-01T23:30:00Z
536,22,8,cancelled,2026-07-25T15:30:00Z
537,22,16,confirmed,2026-07-22T06:30:00Z
538,22,3,confirmed,2026-07-28T00:30:00Z
539,22,4,confirmed,2026-07-26T11:30:00Z
540,22,14,confirmed,2026-08-01T20:30:00Z
541,22,12,confirmed,2026-07-23T18:30:00Z
542,22,7,confirmed,2026-08-03T08:30:00Z
543,22,8,confirmed,2026-08-04T09:30:00Z
544,22,10,confirmed,2026-07-22T11:30:00Z
545,22,11,confirmed,2026-07-25T20:30:00Z
546,22,2,confirmed,2026-08-03T13:30:00Z
547,22,9,confirmed,2026-07-25T22:30:00Z
548,22,15,confirmed,2026-07-22T18:30:00Z
549,22,12,confirmed,2026-07-30T14:30:00Z
550,22,13,confirmed,2026-07-23T00:30:00Z
551,22,14,confirmed,2026-07-22T16:30:00Z
552,22,16,confirmed,2026-07-29T11:30:00Z
553,22,6,confirmed,2026-07-22T13:30:00Z
554,22,6,confirmed,2026-07-29T07:30:00Z
555,22,5,confirmed,2026-07-23T15:30:00Z
556,22,11,confirmed,2026-08-04T03:30:00Z
557,22,12,confirmed,2026-07-30T02:30:00Z
558,22,7,confirmed,2026-07-24T21:30:00Z
559,22,6,confirmed,2026-07-28T21:30:00Z
560,22,7,confirmed,2026-07-25T03:30:00Z
561,22,14,confirmed,2026-07-22T22:30:00Z
562,22,9,confirmed,2026-07-27T00:30:00Z
563,22,6,confirmed,2026-07-22T17:30:00Z
564,22,8,confirmed,2026-07-21T18:30:00Z
565,22,3,confirmed,2026-07-22T17:30:00Z
566,22,4,confirmed,2026-07-29T05:30:00Z
567,22,14,confirmed,2026-07-24T17:30:00Z
568,22,2,confirmed,2026-07-25T15:30:00Z
569,22,14,confirmed,2026-07-27T20:30:00Z
570,22,8,confirmed,2026-08-01T04:30:00Z
571,22,3,confirmed,2026-07-29T03:30:00Z
572,22,11,confirmed,2026-07-23T20:30:00Z
573,22,2,confirmed,2026-07-28T15:30:00Z
574,22,5,cancelled,2026-07-27T06:30:00Z
575,23,5,confirmed,2026-07-30T07:10:00Z
576,23,15,confirmed,2026-08-02T00:10:00Z
577,23,4,confirmed,2026-07-22T15:10:00Z
578,23,13,confirmed,2026-07-27T05:10:00Z
579,23,15,confirmed,2026-07-22T19:10:00Z
580,23,4,confirmed,2026-08-02T05:10:00Z
581,23,9,cancelled,2026-07-21T22:10:00Z
582,23,10,confirmed,2026-07-23T03:10:00Z
583,23,6,confirmed,2026-07-26T17:10:00Z
584,23,8,confirmed,2026-08-04T12:10:00Z
585,23,15,confirmed,2026-07-25T15:10:00Z
586,23,9,confirmed,2026-07-30T07:10:00Z
587,23,10,cancelled,2026-07-31T07:10:00Z
588,23,2,confirmed,2026-07-21T21:10:00Z
589,23,11,confirmed,2026-07-24T22:10:00Z
590,23,10,cancelled,2026-07-31T07:10:00Z
591,23,7,confirmed,2026-07-22T19:10:00Z
592,23,9,confirmed,2026-07-31T04:10:00Z
593,23,12,confirmed,2026-07-25T08:10:00Z
594,23,8,confirmed,2026-07-29T16:10:00Z
595,23,3,confirmed,2026-07-30T08:10:00Z
596,23,12,confirmed,2026-07-25T22:10:00Z
597,23,8,confirmed,2026-07-23T07:10:00Z
598,23,13,confirmed,2026-07-28T05:10:00Z
599,23,4,confirmed,2026-08-01T19:10:00Z
600,23,5,confirmed,2026-07-23T20:10:00Z
601,23,13,confirmed,2026-07-29T15:10:00Z
602,23,3,cancelled,2026-07-28T01:10:00Z
603,23,2,confirmed,2026-07-27T16:10:00Z
604,23,3,confirmed,2026-08-02T22:10:00Z
605,23,16,confirmed,2026-07-31T19:10:00Z
606,23,6,confirmed,2026-08-02T02:10:00Z
607,23,15,confirmed,2026-07-25T07:10:00Z
608,23,15,confirmed,2026-07-28T01:10:00Z
609,23,16,confirmed,2026-08-01T20:10:00Z
610,23,10,confirmed,2026-07-27T22:10:00Z
611,23,13,confirmed,2026-07-29T02:10:00Z
612,23,12,confirmed,2026-07-30T03:10:00Z
613,24,9,confirmed,2026-07-24T08:10:00Z
614,24,7,confirmed,2026-08-04T05:10:00Z
615,24,13,confirmed,2026-07-26T22:10:00Z
616,24,9,confirmed,2026-07-27T09:10:00Z
617,24,7,confirmed,2026-07-22T01:10:00Z
618,24,16,confirmed,2026-07-27T16:10:00Z
619,24,9,confirmed,2026-07-27T09:10:00Z
620,24,9,confirmed,2026-07-27T08:10:00Z
621,24,13,confirmed,2026-07-26T09:10:00Z
622,24,14,confirmed,2026-07-24T18:10:00Z
623,24,12,confirmed,2026-08-01T04:10:00Z
624,24,12,confirmed,2026-08-02T01:10:00Z
625,24,6,confirmed,2026-07-30T17:10:00Z
626,24,3,confirmed,2026-08-04T16:10:00Z
627,24,4,confirmed,2026-07-28T14:10:00Z
628,24,3,confirmed,2026-07-22T08:10:00Z
629,24,12,confirmed,2026-07-24T02:10:00Z
630,24,6,confirmed,2026-07-25T22:10:00Z
631,24,3,cancelled,2026-08-01T00:10:00Z
632,24,9,confirmed,2026-07-25T19:10:00Z
633,24,7,confirmed,2026-07-29T09:10:00Z
634,24,14,confirmed,2026-07-26T12:10:00Z
635,24,10,confirmed,2026-07-22T11:10:00Z
636,24,3,cancelled,2026-08-03T17:10:00Z
637,24,13,confirmed,2026-08-01T14:10:00Z
638,24,10,confirmed,2026-07-25T15:10:00Z
639,24,10,confirmed,2026-07-24T17:10:00Z
640,24,14,confirmed,2026-07-25T06:10:00Z
641,24,13,confirmed,2026-08-03T15:10:00Z
642,24,14,confirmed,2026-07-27T10:10:00Z
643,24,12,confirmed,2026-07-26T06:10:00Z
644,24,16,cancelled,2026-07-27T10:10:00Z
645,24,15,confirmed,2026-07-25T07:10:00Z
646,24,15,confirmed,2026-08-01T02:10:00Z
647,24,10,confirmed,2026-07-26T21:10:00Z
648,24,6,cancelled,2026-07-28T08:10:00Z
649,24,2,confirmed,2026-07-31T01:10:00Z
650,24,2,confirmed,2026-07-31T20:10:00Z
651,24,6,confirmed,2026-07-30T20:10:00Z
652,24,14,confirmed,2026-07-27T04:10:00Z
653,24,10,cancelled,2026-08-02T17:10:00Z
654,24,2,confirmed,2026-08-02T12:10:00Z
655,24,7,confirmed,2026-07-31T11:10:00Z
656,24,3,confirmed,2026-07-31T21:10:00Z
657,24,3,confirmed,2026-07-28T15:10:00Z
658,24,9,confirmed,2026-07-22T17:10:00Z
659,25,9,confirmed,2026-07-23T22:30:00Z
660,25,5,confirmed,2026-07-23T07:30:00Z
661,25,10,confirmed,2026-08-01T17:30:00Z
662,25,13,confirmed,2026-07-25T18:30:00Z
663,25,10,confirmed,2026-08-04T06:30:00Z
664,25,5,confirmed,2026-08-04T01:30:00Z
665,25,12,confirmed,2026-07-25T07:30:00Z
666,25,12,confirmed,2026-08-03T15:30:00Z
667,25,6,confirmed,2026-07-28T23:30:00Z
668,25,13,cancelled,2026-07-27T20:30:00Z
669,25,10,confirmed,2026-07-27T01:30:00Z
670,25,10,confirmed,2026-07-31T23:30:00Z
671,25,6,confirmed,2026-07-24T10:30:00Z
672,25,2,confirmed,2026-07-29T19:30:00Z
673,25,6,cancelled,2026-07-27T07:30:00Z
674,25,14,confirmed,2026-07-29T15:30:00Z
675,25,10,confirmed,2026-07-30T03:30:00Z
676,26,15,confirmed,2026-08-01T01:22:00Z
677,26,10,cancelled,2026-08-04T00:22:00Z
678,26,8,confirmed,2026-08-04T11:22:00Z
679,26,6,confirmed,2026-07-31T08:22:00Z
680,26,9,confirmed,2026-07-26T16:22:00Z
681,26,13,cancelled,2026-07-27T21:22:00Z
682,26,9,confirmed,2026-08-03T12:22:00Z
683,26,14,cancelled,2026-07-24T00:22:00Z
684,26,4,confirmed,2026-07-28T17:22:00Z
685,26,4,confirmed,2026-07-24T11:22:00Z
686,26,16,confirmed,2026-07-29T19:22:00Z
687,26,12,confirmed,2026-07-23T18:22:00Z
688,26,3,confirmed,2026-07-27T21:22:00Z
689,26,7,confirmed,2026-07-28T18:22:00Z
690,26,14,confirmed,2026-08-02T05:22:00Z
691,26,10,confirmed,2026-08-02T07:22:00Z
692,26,11,confirmed,2026-08-02T13:22:00Z
693,26,4,confirmed,2026-07-31T08:22:00Z
694,26,13,confirmed,2026-08-02T14:22:00Z
695,26,16,cancelled,2026-08-03T22:22:00Z
696,26,14,confirmed,2026-07-28T02:22:00Z
697,26,10,confirmed,2026-07-28T10:22:00Z
698,27,7,confirmed,2026-07-30T09:22:00Z
699,27,8,confirmed,2026-08-04T14:22:00Z
700,27,5,confirmed,2026-07-25T04:22:00Z
701,27,16,confirmed,2026-07-25T15:22:00Z
702,27,9,confirmed,2026-07-22T02:22:00Z
703,27,16,confirmed,2026-07-22T06:22:00Z
704,27,16,confirmed,2026-07-27T10:22:00Z
705,27,11,confirmed,2026-07-27T02:22:00Z
706,27,2,confirmed,2026-07-30T08:22:00Z
707,27,3,confirmed,2026-08-04T09:22:00Z
708,27,8,confirmed,2026-08-02T01:22:00Z
709,27,11,confirmed,2026-08-03T10:22:00Z
710,27,13,confirmed,2026-07-31T06:22:00Z
711,27,3,confirmed,2026-07-30T05:22:00Z
712,27,15,confirmed,2026-07-31T14:22:00Z
713,27,3,confirmed,2026-07-23T13:22:00Z
714,27,16,confirmed,2026-08-04T04:22:00Z
715,27,16,confirmed,2026-07-30T04:22:00Z
716,27,13,confirmed,2026-07-30T15:22:00Z
717,27,14,confirmed,2026-07-26T22:22:00Z
718,27,4,confirmed,2026-07-28T07:22:00Z
719,27,13,confirmed,2026-07-31T18:22:00Z
720,27,12,confirmed,2026-07-30T05:22:00Z
721,28,12,confirmed,2026-07-27T07:14:00Z
722,28,8,confirmed,2026-07-26T14:14:00Z
723,28,10,cancelled,2026-07-29T19:14:00Z
724,28,7,confirmed,2026-07-26T08:14:00Z
725,28,14,confirmed,2026-07-30T04:14:00Z
726,28,13,confirmed,2026-07-25T19:14:00Z
727,28,13,confirmed,2026-07-28T18:14:00Z
728,28,11,confirmed,2026-07-27T18:14:00Z
729,28,15,confirmed,2026-07-29T19:14:00Z
730,28,11,confirmed,2026-07-26T09:14:00Z
731,28,7,confirmed,2026-08-04T19:14:00Z
732,28,5,confirmed,2026-07-23T01:14:00Z
733,28,14,confirmed,2026-07-25T17:14:00Z
734,28,9,confirmed,2026-07-26T03:14:00Z
735,28,9,confirmed,2026-07-30T12:14:00Z
736,28,11,confirmed,2026-07-28T23:14:00Z
737,28,16,cancelled,2026-07-26T21:14:00Z
738,28,11,confirmed,2026-08-02T12:14:00Z
739,28,2,cancelled,2026-08-04T21:14:00Z
740,29,12,confirmed,2026-07-24T23:00:00Z
741,29,14,confirmed,2026-08-04T06:00:00Z
742,29,10,confirmed,2026-07-27T01:00:00Z
743,29,11,confirmed,2026-07-30T07:00:00Z
744,29,6,confirmed,2026-07-25T17:00:00Z
745,29,6,confirmed,2026-07-31T15:00:00Z
746,29,12,confirmed,2026-07-26T15:00:00Z
747,29,12,confirmed,2026-07-26T16:00:00Z
748,29,6,confirmed,2026-07-27T14:00:00Z
749,29,15,confirmed,2026-07-26T08:00:00Z
750,29,6,confirmed,2026-08-02T21:00:00Z
751,29,4,confirmed,2026-07-25T02:00:00Z
752,29,7,confirmed,2026-07-24T09:00:00Z
753,29,9,confirmed,2026-07-22T15:00:00Z
754,29,7,cancelled,2026-07-26T12:00:00Z
755,29,15,confirmed,2026-07-29T04:00:00Z
756,29,5,confirmed,2026-07-25T11:00:00Z
757,29,5,confirmed,2026-07-30T15:00:00Z
758,29,12,confirmed,2026-08-03T15:00:00Z
759,29,4,confirmed,2026-07-31T01:00:00Z
760,30,14,confirmed,2026-08-04T06:05:00Z
761,30,8,cancelled,2026-07-31T10:05:00Z
762,30,4,confirmed,2026-07-31T23:05:00Z
763,30,8,confirmed,2026-08-03T14:05:00Z
764,30,10,confirmed,2026-07-25T15:05:00Z
765,30,16,confirmed,2026-08-03T17:05:00Z
766,30,3,confirmed,2026-07-31T04:05:00Z
767,30,2,confirmed,2026-07-25T18:05:00Z
768,30,16,confirmed,2026-07-31T14:05:00Z
769,30,13,cancelled,2026-07-26T18:05:00Z
770,30,10,cancelled,2026-07-28T03:05:00Z
771,30,8,confirmed,2026-07-23T16:05:00Z
772,30,10,confirmed,2026-07-24T03:05:00Z
773,30,3,confirmed,2026-07-30T08:05:00Z
774,31,14,confirmed,2026-07-30T17:05:00Z
775,31,12,confirmed,2026-07-30T14:05:00Z
776,31,14,confirmed,2026-07-30T18:05:00Z
777,31,3,confirmed,2026-07-29T15:05:00Z
778,31,13,confirmed,2026-07-28T13:05:00Z
779,31,16,confirmed,2026-08-03T00:05:00Z
780,31,11,confirmed,2026-08-04T05:05:00Z
781,31,3,confirmed,2026-08-02T22:05:00Z
782,31,12,confirmed,2026-07-28T22:05:00Z
783,31,14,confirmed,2026-08-01T16:05:00Z
784,31,12,confirmed,2026-07-29T13:05:00Z
785,31,4,confirmed,2026-07-26T15:05:00Z
786,31,13,confirmed,2026-08-03T00:05:00Z
787,31,15,confirmed,2026-08-04T03:05:00Z
788,31,5,confirmed,2026-07-27T17:05:00Z
789,32,5,confirmed,2026-08-01T05:00:00Z
790,32,16,confirmed,2026-07-26T02:00:00Z
791,32,2,confirmed,2026-07-26T03:00:00Z
792,32,4,confirmed,2026-07-27T18:00:00Z
793,32,5,confirmed,2026-07-31T11:00:00Z
794,32,7,confirmed,2026-07-26T16:00:00Z
795,33,14,confirmed,2026-07-29T13:00:00Z
796,33,4,confirmed,2026-07-25T17:00:00Z
797,33,2,confirmed,2026-08-01T21:00:00Z
798,33,9,confirmed,2026-08-04T05:00:00Z
799,33,9,confirmed,2026-07-29T14:00:00Z
800,34,6,confirmed,2026-07-23T21:30:00Z
801,34,13,confirmed,2026-08-03T16:30:00Z
802,34,9,confirmed,2026-07-28T12:30:00Z
803,34,6,confirmed,2026-07-23T08:30:00Z
804,34,9,confirmed,2026-08-04T20:30:00Z
805,34,12,confirmed,2026-08-02T07:30:00Z
806,34,5,confirmed,2026-07-23T01:30:00Z
807,34,12,cancelled,2026-07-28T03:30:00Z
808,34,5,confirmed,2026-07-26T23:30:00Z
809,34,2,confirmed,2026-08-02T17:30:00Z
810,34,15,confirmed,2026-07-31T15:30:00Z
811,34,6,confirmed,2026-07-28T22:30:00Z
812,34,3,confirmed,2026-07-28T16:30:00Z
813,34,8,confirmed,2026-07-23T16:30:00Z
814,34,16,confirmed,2026-07-30T11:30:00Z
815,34,15,confirmed,2026-08-03T09:30:00Z
816,34,6,cancelled,2026-07-28T05:30:00Z
817,34,3,confirmed,2026-08-04T15:30:00Z
818,34,8,cancelled,2026-07-30T10:30:00Z
819,34,10,confirmed,2026-07-24T11:30:00Z
820,34,5,confirmed,2026-07-31T22:30:00Z
821,34,9,confirmed,2026-07-31T21:30:00Z
822,34,6,confirmed,2026-07-29T08:30:00Z
823,34,2,confirmed,2026-07-31T19:30:00Z
824,34,15,confirmed,2026-07-25T18:30:00Z
825,34,16,confirmed,2026-07-28T17:30:00Z
826,34,12,confirmed,2026-07-24T07:30:00Z
827,34,9,confirmed,2026-07-30T21:30:00Z
828,34,9,confirmed,2026-07-31T19:30:00Z
829,34,12,cancelled,2026-07-23T12:30:00Z
830,34,7,confirmed,2026-08-05T07:30:00Z
831,34,4,confirmed,2026-07-31T01:30:00Z
832,34,16,confirmed,2026-08-03T14:30:00Z
833,34,6,confirmed,2026-07-31T14:30:00Z
834,35,16,cancelled,2026-07-31T12:26:00Z
835,35,2,confirmed,2026-08-04T05:26:00Z
836,35,9,confirmed,2026-08-04T14:26:00Z
837,35,4,confirmed,2026-07-27T14:26:00Z
838,35,13,confirmed,2026-08-02T07:26:00Z
839,35,5,confirmed,2026-07-30T14:26:00Z
840,35,5,confirmed,2026-07-31T19:26:00Z
841,35,14,confirmed,2026-07-23T21:26:00Z
842,35,8,confirmed,2026-07-27T05:26:00Z
843,35,9,confirmed,2026-07-24T03:26:00Z
844,35,3,confirmed,2026-07-29T10:26:00Z
845,35,12,confirmed,2026-07-25T16:26:00Z
846,35,15,confirmed,2026-08-05T12:26:00Z
847,35,8,confirmed,2026-08-03T08:26:00Z
848,35,11,confirmed,2026-08-03T20:26:00Z
849,35,14,confirmed,2026-07-24T03:26:00Z
850,35,5,confirmed,2026-07-29T01:26:00Z
851,35,6,confirmed,2026-07-23T00:26:00Z
852,35,10,cancelled,2026-08-05T04:26:00Z
853,35,16,confirmed,2026-07-31T05:26:00Z
854,35,9,confirmed,2026-08-03T00:26:00Z
855,35,12,confirmed,2026-08-03T02:26:00Z
856,35,8,confirmed,2026-07-30T02:26:00Z
857,35,14,confirmed,2026-07-28T20:26:00Z
858,35,10,confirmed,2026-07-29T02:26:00Z
859,35,10,confirmed,2026-07-30T09:26:00Z
860,35,9,cancelled,2026-07-26T20:26:00Z
861,35,7,confirmed,2026-08-04T23:26:00Z
862,35,2,confirmed,2026-07-30T18:26:00Z
863,35,11,confirmed,2026-07-26T07:26:00Z
864,35,8,confirmed,2026-07-31T04:26:00Z
865,35,7,confirmed,2026-08-02T10:26:00Z
866,35,12,confirmed,2026-07-25T15:26:00Z
867,35,15,confirmed,2026-08-03T17:26:00Z
868,35,10,confirmed,2026-07-26T04:26:00Z
869,35,11,cancelled,2026-08-01T17:26:00Z
870,35,13,confirmed,2026-07-31T05:26:00Z
871,35,11,confirmed,2026-08-04T02:26:00Z
872,35,3,confirmed,2026-07-31T02:26:00Z
873,35,10,confirmed,2026-07-27T08:26:00Z
874,35,7,confirmed,2026-07-26T15:26:00Z
875,35,15,confirmed,2026-08-01T16:26:00Z
876,35,6,confirmed,2026-08-01T22:26:00Z
877,35,13,confirmed,2026-07-27T14:26:00Z
878,35,11,confirmed,2026-07-27T01:26:00Z
879,35,9,confirmed,2026-07-24T15:26:00Z
880,35,12,confirmed,2026-08-01T04:26:00Z
881,35,12,confirmed,2026-07-30T05:26:00Z
882,35,6,confirmed,2026-07-26T00:26:00Z
883,35,4,confirmed,2026-07-28T12:26:00Z
884,35,11,confirmed,2026-07-22T18:26:00Z
885,35,9,cancelled,2026-07-27T22:26:00Z
886,35,15,cancelled,2026-07-24T21:26:00Z
887,35,2,confirmed,2026-07-29T13:26:00Z
888,35,5,confirmed,2026-07-24T08:26:00Z
889,35,15,confirmed,2026-07-23T15:26:00Z
890,36,12,confirmed,2026-07-24T10:31:00Z
891,36,5,confirmed,2026-08-03T07:31:00Z
892,36,16,cancelled,2026-07-27T12:31:00Z
893,36,2,cancelled,2026-07-26T00:31:00Z
894,36,12,cancelled,2026-07-29T13:31:00Z
895,36,6,confirmed,2026-08-05T07:31:00Z
896,36,11,confirmed,2026-08-03T17:31:00Z
897,36,7,cancelled,2026-08-04T19:31:00Z
898,36,13,confirmed,2026-07-28T22:31:00Z
899,36,9,confirmed,2026-08-02T13:31:00Z
900,36,15,confirmed,2026-07-29T07:31:00Z
901,36,4,confirmed,2026-07-27T13:31:00Z
902,36,15,confirmed,2026-08-02T06:31:00Z
903,36,4,confirmed,2026-08-05T10:31:00Z
904,36,6,confirmed,2026-08-02T08:31:00Z
905,36,11,confirmed,2026-08-04T19:31:00Z
906,36,9,confirmed,2026-07-25T07:31:00Z
907,36,12,confirmed,2026-07-25T06:31:00Z
908,36,13,confirmed,2026-08-04T02:31:00Z
909,36,2,confirmed,2026-08-02T04:31:00Z
910,36,16,cancelled,2026-07-26T00:31:00Z
911,36,13,confirmed,2026-08-05T11:31:00Z
912,36,10,confirmed,2026-07-29T22:31:00Z
913,36,7,cancelled,2026-07-28T18:31:00Z
914,37,2,confirmed,2026-07-24T14:30:00Z
915,37,13,confirmed,2026-07-27T03:30:00Z
916,37,3,confirmed,2026-08-02T03:30:00Z
917,37,3,confirmed,2026-08-03T03:30:00Z
918,37,14,confirmed,2026-07-23T19:30:00Z
919,37,4,confirmed,2026-07-24T02:30:00Z
920,37,13,cancelled,2026-07-27T11:30:00Z
921,37,7,confirmed,2026-07-30T23:30:00Z
922,37,5,confirmed,2026-07-30T00:30:00Z
923,37,6,confirmed,2026-08-04T02:30:00Z
924,37,14,confirmed,2026-07-29T19:30:00Z
925,37,8,confirmed,2026-07-31T01:30:00Z
926,37,12,confirmed,2026-07-25T11:30:00Z
927,37,16,confirmed,2026-07-25T23:30:00Z
928,38,11,confirmed,2026-08-05T15:10:00Z
929,38,12,confirmed,2026-07-30T03:10:00Z
930,38,13,confirmed,2026-07-28T09:10:00Z
931,38,2,confirmed,2026-07-28T00:10:00Z
932,38,13,cancelled,2026-07-23T03:10:00Z
933,38,5,confirmed,2026-08-05T05:10:00Z
934,38,11,confirmed,2026-07-31T22:10:00Z
935,38,8,confirmed,2026-07-26T22:10:00Z
936,38,7,confirmed,2026-08-05T13:10:00Z
937,38,6,confirmed,2026-07-31T04:10:00Z
938,39,7,confirmed,2026-07-31T00:10:00Z
939,39,12,confirmed,2026-07-24T04:10:00Z
940,39,8,confirmed,2026-07-30T07:10:00Z
941,39,16,confirmed,2026-07-23T04:10:00Z
942,39,14,confirmed,2026-08-05T06:10:00Z
943,39,4,confirmed,2026-07-28T18:10:00Z
944,39,3,confirmed,2026-07-24T15:10:00Z
945,39,8,confirmed,2026-08-04T23:10:00Z
946,39,16,confirmed,2026-07-27T19:10:00Z
947,40,13,confirmed,2026-08-04T14:00:00Z
948,40,2,confirmed,2026-07-29T10:00:00Z
949,40,9,confirmed,2026-07-28T04:00:00Z
950,40,11,confirmed,2026-07-30T08:00:00Z
951,40,11,confirmed,2026-07-28T18:00:00Z
952,40,16,confirmed,2026-07-30T11:00:00Z
953,40,4,confirmed,2026-07-25T02:00:00Z
954,41,3,cancelled,2026-07-27T23:44:00Z
955,41,14,cancelled,2026-07-28T11:44:00Z
956,41,14,confirmed,2026-08-05T14:44:00Z
957,41,12,confirmed,2026-08-05T09:44:00Z
958,41,14,confirmed,2026-07-24T23:44:00Z
959,41,9,confirmed,2026-07-27T07:44:00Z
960,41,8,confirmed,2026-07-23T17:44:00Z
961,41,7,confirmed,2026-08-05T01:44:00Z
962,41,7,confirmed,2026-08-04T14:44:00Z
963,41,10,confirmed,2026-08-03T09:44:00Z
964,41,14,confirmed,2026-07-29T20:44:00Z
965,41,4,confirmed,2026-07-31T12:44:00Z
966,41,2,confirmed,2026-07-30T14:44:00Z
967,41,7,confirmed,2026-07-31T09:44:00Z
968,41,8,confirmed,2026-08-01T22:44:00Z
969,41,11,confirmed,2026-07-24T01:44:00Z
970,41,8,confirmed,2026-07-31T03:44:00Z
971,41,10,confirmed,2026-08-05T04:44:00Z
972,41,12,cancelled,2026-08-05T09:44:00Z
973,41,10,confirmed,2026-08-02T00:44:00Z
974,41,12,confirmed,2026-07-30T03:44:00Z
975,41,3,confirmed,2026-07-24T13:44:00Z
976,41,7,cancelled,2026-07-24T10:44:00Z
977,41,10,cancelled,2026-07-28T03:44:00Z
978,41,2,confirmed,2026-07-22T22:44:00Z
979,41,6,cancelled,2026-08-05T16:44:00Z
980,42,9,confirmed,2026-07-28T21:36:00Z
981,42,13,confirmed,2026-08-01T23:36:00Z
982,42,8,confirmed,2026-07-27T03:36:00Z
983,42,9,confirmed,2026-07-25T20:36:00Z
984,42,11,confirmed,2026-07-27T14:36:00Z
985,42,3,confirmed,2026-08-04T15:36:00Z
986,42,6,confirmed,2026-07-27T20:36:00Z
987,42,14,confirmed,2026-07-26T19:36:00Z
988,42,13,confirmed,2026-07-31T22:36:00Z
989,43,7,confirmed,2026-07-28T10:00:00Z
990,43,3,confirmed,2026-07-24T14:00:00Z
991,43,12,confirmed,2026-08-04T16:00:00Z
992,43,16,confirmed,2026-07-22T19:00:00Z
993,43,3,confirmed,2026-07-24T03:00:00Z
994,43,2,confirmed,2026-07-30T15:00:00Z
995,43,3,confirmed,2026-08-05T08:00:00Z
996,43,15,confirmed,2026-07-27T04:00:00Z
997,43,5,confirmed,2026-07-27T17:00:00Z
998,43,9,confirmed,2026-07-29T22:00:00Z
999,43,11,confirmed,2026-07-26T17:00:00Z
1000,43,9,confirmed,2026-08-02T14:00:00Z
1001,44,9,confirmed,2026-07-23T01:00:00Z
1002,44,11,confirmed,2026-07-30T09:00:00Z
1003,44,4,confirmed,2026-07-24T18:00:00Z
1004,44,9,cancelled,2026-07-26T12:00:00Z
1005,44,13,confirmed,2026-08-02T12:00:00Z
1006,44,9,confirmed,2026-07-23T09:00:00Z
1007,44,14,confirmed,2026-07-30T14:00:00Z
1008,44,15,confirmed,2026-08-04T08:00:00Z
1009,44,2,confirmed,2026-08-01T05:00:00Z
1010,44,5,confirmed,2026-07-24T08:00:00Z
1011,44,2,confirmed,2026-08-01T14:00:00Z
1012,44,5,confirmed,2026-07-31T02:00:00Z
1013,44,5,confirmed,2026-08-03T11:00:00Z
1014,44,16,confirmed,2026-07-26T15:00:00Z
1015,44,8,confirmed,2026-08-04T09:00:00Z
1016,45,4,cancelled,2026-08-06T00:30:00Z
1017,45,14,confirmed,2026-08-01T08:30:00Z
1018,45,8,confirmed,2026-07-30T17:30:00Z
1019,45,10,confirmed,2026-08-05T21:30:00Z
1020,45,14,cancelled,2026-08-04T05:30:00Z
1021,45,11,confirmed,2026-07-27T21:30:00Z
1022,45,15,cancelled,2026-08-03T03:30:00Z
1023,45,3,confirmed,2026-07-30T12:30:00Z
1024,45,7,cancelled,2026-07-27T06:30:00Z
1025,45,3,confirmed,2026-07-29T10:30:00Z
1026,45,2,confirmed,2026-08-06T10:30:00Z
1027,45,5,cancelled,2026-07-31T06:30:00Z
1028,45,5,confirmed,2026-07-29T13:30:00Z
1029,45,9,confirmed,2026-08-06T10:30:00Z
1030,45,7,confirmed,2026-08-05T11:30:00Z
1031,45,10,confirmed,2026-08-05T03:30:00Z
1032,45,16,confirmed,2026-08-03T06:30:00Z
1033,45,8,confirmed,2026-08-03T20:30:00Z
1034,45,11,confirmed,2026-07-28T17:30:00Z
1035,45,12,confirmed,2026-08-06T11:30:00Z
1036,45,9,confirmed,2026-07-28T08:30:00Z
1037,45,10,cancelled,2026-07-30T01:30:00Z
1038,45,9,confirmed,2026-08-05T06:30:00Z
1039,45,12,confirmed,2026-07-23T17:30:00Z
1040,45,14,confirmed,2026-07-24T10:30:00Z
1041,45,8,confirmed,2026-07-27T16:30:00Z
1042,45,8,confirmed,2026-07-27T10:30:00Z
1043,45,13,confirmed,2026-07-26T14:30:00Z
1044,45,5,confirmed,2026-07-26T22:30:00Z
1045,45,6,cancelled,2026-07-25T16:30:00Z
1046,45,13,cancelled,2026-07-30T22:30:00Z
1047,45,3,confirmed,2026-08-04T23:30:00Z
1048,45,14,confirmed,2026-08-04T07:30:00Z
1049,45,5,confirmed,2026-08-06T13:30:00Z
1050,45,12,confirmed,2026-07-30T03:30:00Z
1051,45,7,confirmed,2026-08-03T03:30:00Z
1052,45,2,confirmed,2026-07-26T11:30:00Z
1053,45,7,confirmed,2026-07-30T01:30:00Z
1054,46,16,cancelled,2026-07-24T20:26:00Z
1055,46,13,confirmed,2026-07-24T05:26:00Z
1056,46,10,confirmed,2026-07-27T17:26:00Z
1057,46,3,confirmed,2026-08-03T16:26:00Z
1058,46,12,cancelled,2026-08-04T15:26:00Z
1059,46,4,confirmed,2026-07-25T11:26:00Z
1060,46,5,confirmed,2026-07-26T03:26:00Z
1061,46,6,confirmed,2026-08-03T04:26:00Z
1062,46,4,confirmed,2026-08-01T23:26:00Z
1063,46,9,confirmed,2026-07-24T02:26:00Z
1064,46,3,confirmed,2026-08-04T02:26:00Z
1065,46,9,confirmed,2026-07-26T04:26:00Z
1066,46,14,confirmed,2026-07-25T02:26:00Z
1067,46,2,confirmed,2026-08-05T08:26:00Z
1068,46,11,confirmed,2026-07-26T12:26:00Z
1069,46,6,confirmed,2026-07-30T08:26:00Z
1070,46,8,confirmed,2026-08-05T07:26:00Z
1071,46,4,confirmed,2026-08-04T11:26:00Z
1072,46,2,confirmed,2026-07-25T18:26:00Z
1073,46,7,confirmed,2026-07-31T05:26:00Z
1074,46,13,confirmed,2026-08-01T21:26:00Z
1075,46,11,confirmed,2026-08-06T14:26:00Z
1076,46,8,confirmed,2026-07-25T04:26:00Z
1077,46,6,confirmed,2026-07-26T02:26:00Z
1078,46,12,confirmed,2026-08-05T21:26:00Z
1079,46,8,confirmed,2026-08-03T02:26:00Z
1080,46,2,confirmed,2026-07-27T17:26:00Z
1081,46,13,confirmed,2026-08-01T22:26:00Z
1082,46,9,confirmed,2026-08-02T22:26:00Z
1083,46,11,confirmed,2026-08-06T14:26:00Z
1084,46,14,confirmed,2026-07-31T05:26:00Z
1085,46,13,cancelled,2026-08-05T01:26:00Z
1086,47,16,cancelled,2026-07-25T12:06:00Z
1087,47,5,confirmed,2026-07-29T23:06:00Z
1088,47,3,confirmed,2026-07-29T00:06:00Z
1089,47,13,confirmed,2026-07-26T10:06:00Z
1090,47,15,cancelled,2026-07-25T01:06:00Z
1091,47,3,confirmed,2026-07-25T21:06:00Z
1092,47,13,confirmed,2026-07-27T03:06:00Z
1093,47,15,confirmed,2026-08-03T12:06:00Z
1094,47,3,confirmed,2026-08-05T10:06:00Z
1095,47,13,cancelled,2026-07-26T17:06:00Z
1096,47,11,confirmed,2026-08-01T08:06:00Z
1097,47,11,confirmed,2026-08-06T02:06:00Z
1098,47,10,confirmed,2026-07-31T10:06:00Z
1099,47,14,confirmed,2026-07-25T16:06:00Z
1100,48,9,confirmed,2026-08-03T19:30:00Z
1101,48,13,confirmed,2026-07-24T18:30:00Z
1102,48,12,confirmed,2026-07-23T19:30:00Z
1103,48,8,confirmed,2026-07-30T04:30:00Z
1104,48,2,confirmed,2026-08-05T00:30:00Z
1105,48,12,cancelled,2026-08-03T15:30:00Z
1106,48,11,cancelled,2026-07-30T07:30:00Z
1107,48,13,confirmed,2026-07-28T10:30:00Z
1108,48,8,cancelled,2026-07-26T02:30:00Z
1109,48,6,confirmed,2026-08-01T13:30:00Z
1110,48,13,confirmed,2026-07-23T17:30:00Z
1111,48,2,confirmed,2026-07-28T23:30:00Z
1112,48,9,confirmed,2026-07-27T22:30:00Z
1113,49,7,confirmed,2026-08-04T10:14:00Z
1114,49,6,confirmed,2026-08-03T05:14:00Z
1115,49,3,confirmed,2026-07-26T08:14:00Z
1116,49,11,confirmed,2026-07-31T19:14:00Z
1117,49,11,confirmed,2026-07-28T14:14:00Z
1118,49,16,confirmed,2026-07-25T05:14:00Z
1119,49,4,confirmed,2026-07-27T00:14:00Z
1120,49,10,confirmed,2026-07-31T02:14:00Z
1121,49,11,confirmed,2026-07-27T01:14:00Z
1122,49,13,confirmed,2026-08-04T05:14:00Z
1123,49,11,confirmed,2026-07-25T21:14:00Z
1124,49,7,confirmed,2026-07-26T22:14:00Z
1125,49,8,confirmed,2026-07-30T06:14:00Z
1126,49,14,confirmed,2026-08-02T04:14:00Z
1127,49,10,confirmed,2026-07-24T10:14:00Z
1128,49,6,confirmed,2026-08-02T04:14:00Z
1129,49,14,confirmed,2026-07-27T15:14:00Z
1130,49,3,confirmed,2026-08-05T12:14:00Z
1131,49,11,confirmed,2026-08-02T00:14:00Z
1132,49,16,confirmed,2026-08-06T04:14:00Z
1133,49,12,cancelled,2026-08-04T02:14:00Z
1134,49,9,confirmed,2026-07-27T00:14:00Z
1135,49,13,confirmed,2026-07-28T11:14:00Z
1136,49,16,confirmed,2026-07-30T19:14:00Z
1137,49,10,confirmed,2026-07-25T20:14:00Z
1138,50,14,confirmed,2026-08-01T07:41:00Z
1139,50,10,cancelled,2026-07-24T07:41:00Z
1140,50,4,cancelled,2026-07-25T19:41:00Z
1141,50,4,confirmed,2026-08-05T22:41:00Z
1142,50,5,confirmed,2026-08-01T06:41:00Z
1143,50,11,confirmed,2026-07-30T10:41:00Z
1144,50,6,confirmed,2026-07-31T12:41:00Z
1145,50,11,confirmed,2026-08-04T12:41:00Z
1146,50,6,confirmed,2026-07-26T12:41:00Z
1147,50,12,confirmed,2026-07-26T16:41:00Z
1148,50,13,confirmed,2026-08-04T13:41:00Z
1149,50,15,confirmed,2026-08-04T12:41:00Z
1150,50,3,confirmed,2026-08-02T13:41:00Z
1151,50,16,confirmed,2026-07-28T13:41:00Z
1152,50,3,confirmed,2026-07-29T10:41:00Z
1153,50,13,cancelled,2026-08-03T09:41:00Z
1154,50,8,confirmed,2026-07-30T23:41:00Z
1155,50,2,confirmed,2026-08-01T11:41:00Z
1156,50,7,confirmed,2026-08-01T18:41:00Z
1157,50,4,confirmed,2026-07-26T20:41:00Z
1158,50,7,confirmed,2026-08-02T00:41:00Z
1159,50,3,confirmed,2026-07-30T08:41:00Z
1160,50,7,confirmed,2026-07-27T19:41:00Z
1161,50,12,confirmed,2026-08-04T09:41:00Z
1162,50,7,confirmed,2026-07-26T01:41:00Z
1163,51,6,confirmed,2026-08-03T15:00:00Z
1164,51,10,confirmed,2026-07-27T12:00:00Z
1165,51,16,cancelled,2026-08-02T15:00:00Z
1166,51,12,cancelled,2026-08-02T23:00:00Z
1167,51,3,confirmed,2026-07-26T21:00:00Z
1168,51,7,confirmed,2026-07-25T23:00:00Z
1169,51,6,confirmed,2026-07-28T07:00:00Z
1170,51,7,confirmed,2026-08-06T05:00:00Z
1171,51,5,cancelled,2026-08-04T08:00:00Z
1172,51,2,confirmed,2026-07-23T22:00:00Z
1173,51,3,confirmed,2026-07-30T20:00:00Z
1174,52,6,confirmed,2026-08-06T16:52:00Z
1175,52,3,confirmed,2026-07-29T04:52:00Z
1176,52,4,cancelled,2026-08-06T10:52:00Z
1177,52,8,confirmed,2026-07-27T08:52:00Z
1178,52,5,confirmed,2026-07-26T14:52:00Z
1179,52,9,cancelled,2026-08-03T14:52:00Z
1180,52,6,confirmed,2026-08-01T14:52:00Z
1181,52,7,confirmed,2026-07-28T13:52:00Z
1182,52,4,confirmed,2026-07-28T12:52:00Z
1183,52,12,confirmed,2026-07-26T20:52:00Z
1184,52,6,confirmed,2026-08-01T14:52:00Z
1185,52,6,confirmed,2026-08-01T19:52:00Z
1186,52,14,confirmed,2026-07-24T13:52:00Z
1187,52,14,confirmed,2026-08-04T05:52:00Z
1188,52,9,confirmed,2026-07-30T15:52:00Z
1189,52,3,confirmed,2026-07-26T09:52:00Z
1190,52,4,confirmed,2026-08-04T12:52:00Z
1191,53,4,confirmed,2026-08-06T00:44:00Z
1192,53,14,confirmed,2026-08-06T07:44:00Z
1193,53,15,confirmed,2026-07-30T02:44:00Z
1194,53,13,cancelled,2026-07-29T10:44:00Z
1195,53,13,confirmed,2026-08-04T11:44:00Z
1196,53,3,confirmed,2026-08-03T20:44:00Z
1197,53,5,confirmed,2026-08-03T07:44:00Z
1198,53,4,cancelled,2026-07-28T17:44:00Z
1199,53,15,confirmed,2026-07-31T23:44:00Z
1200,53,12,confirmed,2026-08-04T18:44:00Z
1201,53,14,confirmed,2026-08-03T11:44:00Z
1202,53,3,confirmed,2026-07-28T09:44:00Z
1203,54,3,confirmed,2026-07-26T10:00:00Z
1204,54,16,confirmed,2026-07-27T13:00:00Z
1205,54,14,confirmed,2026-07-29T01:00:00Z
1206,54,13,confirmed,2026-07-25T07:00:00Z
1207,54,9,confirmed,2026-07-31T22:00:00Z
1208,54,15,confirmed,2026-07-25T20:00:00Z
1209,54,8,confirmed,2026-07-27T22:00:00Z
1210,54,3,confirmed,2026-07-30T14:00:00Z
1211,54,14,confirmed,2026-07-24T08:00:00Z
1212,54,10,confirmed,2026-07-30T07:00:00Z
1213,54,4,confirmed,2026-08-01T23:00:00Z
1214,54,7,confirmed,2026-08-03T19:00:00Z
1215,54,14,confirmed,2026-07-30T09:00:00Z
1216,54,14,confirmed,2026-08-04T14:00:00Z
1217,54,11,confirmed,2026-07-24T08:00:00Z
1218,54,8,confirmed,2026-07-27T13:00:00Z
1219,54,9,confirmed,2026-07-28T07:00:00Z
1220,55,7,confirmed,2026-07-28T06:56:00Z
1221,55,2,confirmed,2026-07-30T12:56:00Z
1222,55,2,confirmed,2026-07-24T21:56:00Z
1223,55,8,confirmed,2026-08-04T16:56:00Z
1224,55,4,confirmed,2026-08-05T09:56:00Z
1225,55,15,confirmed,2026-07-31T02:56:00Z
1226,55,5,confirmed,2026-08-04T17:56:00Z
1227,55,3,confirmed,2026-07-25T09:56:00Z
1228,55,4,confirmed,2026-07-31T03:56:00Z
1229,55,9,confirmed,2026-08-03T20:56:00Z
1230,55,8,cancelled,2026-07-28T06:56:00Z
1231,55,15,confirmed,2026-07-28T12:56:00Z
1232,55,3,confirmed,2026-07-28T14:56:00Z
1233,56,4,confirmed,2026-08-04T03:52:00Z
1234,56,11,confirmed,2026-07-31T11:52:00Z
1235,56,15,confirmed,2026-07-31T00:52:00Z
1236,56,6,confirmed,2026-07-24T17:52:00Z
1237,57,14,confirmed,2026-08-02T12:30:00Z
1238,57,16,confirmed,2026-08-05T08:30:00Z
1239,57,3,confirmed,2026-08-05T07:30:00Z
1240,57,6,confirmed,2026-08-06T04:30:00Z
1241,57,13,confirmed,2026-07-30T16:30:00Z
1242,57,14,confirmed,2026-08-01T09:30:00Z
1243,57,6,confirmed,2026-07-24T17:30:00Z
1244,57,6,confirmed,2026-07-25T21:30:00Z
1245,57,6,confirmed,2026-07-27T00:30:00Z
1246,57,8,confirmed,2026-07-27T07:30:00Z
1247,57,15,confirmed,2026-07-29T03:30:00Z
1248,57,8,confirmed,2026-08-01T19:30:00Z
1249,57,15,confirmed,2026-08-06T23:30:00Z
1250,57,6,confirmed,2026-07-28T19:30:00Z
1251,57,10,confirmed,2026-08-06T10:30:00Z
1252,57,14,confirmed,2026-08-05T04:30:00Z
1253,57,5,confirmed,2026-08-02T04:30:00Z
1254,57,4,confirmed,2026-08-01T17:30:00Z
1255,57,2,confirmed,2026-07-30T21:30:00Z
1256,57,14,confirmed,2026-07-30T13:30:00Z
1257,57,8,confirmed,2026-07-30T09:30:00Z
1258,57,3,confirmed,2026-07-28T18:30:00Z
1259,57,3,confirmed,2026-07-31T18:30:00Z
1260,57,14,confirmed,2026-08-02T09:30:00Z
1261,57,5,confirmed,2026-07-31T14:30:00Z
1262,57,6,confirmed,2026-07-31T10:30:00Z
1263,57,11,confirmed,2026-08-03T21:30:00Z
1264,57,2,confirmed,2026-07-25T21:30:00Z
1265,57,2,confirmed,2026-07-25T03:30:00Z
1266,57,2,cancelled,2026-08-07T05:30:00Z
1267,57,12,confirmed,2026-08-06T02:30:00Z
1268,57,13,confirmed,2026-07-26T04:30:00Z
1269,57,8,confirmed,2026-08-02T00:30:00Z
1270,57,11,confirmed,2026-07-27T01:30:00Z
1271,57,9,cancelled,2026-08-06T04:30:00Z
1272,57,11,confirmed,2026-08-07T15:30:00Z
1273,57,4,cancelled,2026-07-24T17:30:00Z
1274,57,13,confirmed,2026-08-06T09:30:00Z
1275,57,13,confirmed,2026-07-30T15:30:00Z
1276,57,16,confirmed,2026-08-03T14:30:00Z
1277,58,13,confirmed,2026-07-28T15:43:00Z
1278,58,4,confirmed,2026-07-31T13:43:00Z
1279,58,2,confirmed,2026-08-02T17:43:00Z
1280,58,4,confirmed,2026-08-04T20:43:00Z
1281,58,14,confirmed,2026-07-30T23:43:00Z
1282,58,2,confirmed,2026-07-31T14:43:00Z
1283,58,2,confirmed,2026-08-03T10:43:00Z
1284,58,10,confirmed,2026-08-05T14:43:00Z
1285,58,3,confirmed,2026-08-02T03:43:00Z
1286,58,9,confirmed,2026-07-30T09:43:00Z
1287,58,12,confirmed,2026-07-31T17:43:00Z
1288,58,15,confirmed,2026-08-02T01:43:00Z
1289,58,14,confirmed,2026-07-24T22:43:00Z
1290,58,9,confirmed,2026-07-29T18:43:00Z
1291,58,12,confirmed,2026-08-01T10:43:00Z
1292,58,12,confirmed,2026-08-07T10:43:00Z
1293,58,11,confirmed,2026-08-01T06:43:00Z
1294,58,5,confirmed,2026-07-31T21:43:00Z
1295,58,3,confirmed,2026-07-28T00:43:00Z
1296,58,16,cancelled,2026-07-30T12:43:00Z
1297,58,6,confirmed,2026-08-02T05:43:00Z
1298,58,11,cancelled,2026-08-03T08:43:00Z
1299,58,5,confirmed,2026-07-27T07:43:00Z
1300,58,15,confirmed,2026-07-26T03:43:00Z
1301,58,11,confirmed,2026-08-07T02:43:00Z
1302,58,16,confirmed,2026-07-28T13:43:00Z
1303,58,10,confirmed,2026-07-28T12:43:00Z
1304,58,6,confirmed,2026-07-26T08:43:00Z
1305,58,2,confirmed,2026-08-02T23:43:00Z
1306,58,3,confirmed,2026-08-07T04:43:00Z
1307,58,7,confirmed,2026-08-07T09:43:00Z
1308,58,4,confirmed,2026-07-26T01:43:00Z
1309,58,12,confirmed,2026-08-05T19:43:00Z
1310,58,6,cancelled,2026-08-04T04:43:00Z
1311,58,11,confirmed,2026-08-07T02:43:00Z
1312,58,16,confirmed,2026-07-27T21:43:00Z
1313,58,8,confirmed,2026-08-06T09:43:00Z
1314,58,16,confirmed,2026-08-04T23:43:00Z
1315,58,8,confirmed,2026-07-25T23:43:00Z
1316,58,4,confirmed,2026-08-03T13:43:00Z
1317,58,8,confirmed,2026-08-03T15:43:00Z
1318,58,6,cancelled,2026-07-31T00:43:00Z
1319,58,4,confirmed,2026-07-25T04:43:00Z
1320,58,3,confirmed,2026-07-27T07:43:00Z
1321,58,10,confirmed,2026-07-31T06:43:00Z
1322,58,8,confirmed,2026-08-01T03:43:00Z
1323,58,2,confirmed,2026-07-26T04:43:00Z
1324,58,3,confirmed,2026-08-03T10:43:00Z
1325,58,11,confirmed,2026-07-29T00:43:00Z
1326,58,16,confirmed,2026-08-07T05:43:00Z
1327,59,16,confirmed,2026-08-01T07:10:00Z
1328,59,16,confirmed,2026-08-03T17:10:00Z
1329,59,2,confirmed,2026-07-26T09:10:00Z
1330,59,11,confirmed,2026-08-05T10:10:00Z
1331,59,3,confirmed,2026-08-05T00:10:00Z
1332,59,11,confirmed,2026-08-03T05:10:00Z
1333,59,9,confirmed,2026-08-03T21:10:00Z
1334,59,4,confirmed,2026-07-26T14:10:00Z
1335,59,3,confirmed,2026-07-28T17:10:00Z
1336,59,5,confirmed,2026-08-07T09:10:00Z
1337,59,14,confirmed,2026-07-25T18:10:00Z
1338,59,7,confirmed,2026-07-27T00:10:00Z
1339,60,7,cancelled,2026-08-04T08:30:00Z
1340,60,3,confirmed,2026-07-31T16:30:00Z
1341,60,14,confirmed,2026-07-26T15:30:00Z
1342,60,15,confirmed,2026-08-07T13:30:00Z
1343,60,2,confirmed,2026-08-03T14:30:00Z
1344,60,7,confirmed,2026-08-04T06:30:00Z
1345,60,4,confirmed,2026-07-28T12:30:00Z
1346,60,12,confirmed,2026-07-30T09:30:00Z
1347,60,9,confirmed,2026-08-02T08:30:00Z
1348,60,9,confirmed,2026-08-01T22:30:00Z
1349,60,6,confirmed,2026-08-03T05:30:00Z
1350,60,13,confirmed,2026-08-07T04:30:00Z
1351,60,16,confirmed,2026-07-29T00:30:00Z
1352,60,6,confirmed,2026-08-04T23:30:00Z
1353,60,5,confirmed,2026-08-04T12:30:00Z
1354,61,12,confirmed,2026-07-28T21:57:00Z
1355,61,2,confirmed,2026-08-07T12:57:00Z
1356,61,12,confirmed,2026-07-29T07:57:00Z
1357,61,2,confirmed,2026-08-06T19:57:00Z
1358,61,6,confirmed,2026-07-25T06:57:00Z
1359,61,10,confirmed,2026-08-04T06:57:00Z
1360,61,3,confirmed,2026-08-06T01:57:00Z
1361,61,3,confirmed,2026-07-29T06:57:00Z
1362,61,15,confirmed,2026-07-28T04:57:00Z
1363,61,16,confirmed,2026-08-01T22:57:00Z
1364,62,2,confirmed,2026-08-05T18:02:00Z
1365,62,4,confirmed,2026-08-01T07:02:00Z
1366,62,7,confirmed,2026-07-30T13:02:00Z
1367,62,13,confirmed,2026-07-25T10:02:00Z
1368,62,11,confirmed,2026-07-27T19:02:00Z
1369,62,3,cancelled,2026-07-31T07:02:00Z
1370,62,12,confirmed,2026-08-01T11:02:00Z
1371,62,14,confirmed,2026-07-27T15:02:00Z
1372,62,13,cancelled,2026-07-30T18:02:00Z
1373,63,8,confirmed,2026-07-25T12:00:00Z
1374,63,6,confirmed,2026-08-02T14:00:00Z
1375,63,13,confirmed,2026-08-02T11:00:00Z
1376,63,10,confirmed,2026-07-27T17:00:00Z
1377,63,10,confirmed,2026-07-26T18:00:00Z
1378,63,7,confirmed,2026-07-27T00:00:00Z
1379,63,7,confirmed,2026-07-27T20:00:00Z
1380,63,2,confirmed,2026-08-04T12:00:00Z
1381,63,11,confirmed,2026-08-03T19:00:00Z
1382,63,5,confirmed,2026-07-31T11:00:00Z
1383,63,13,confirmed,2026-08-03T20:00:00Z
1384,63,16,cancelled,2026-07-24T17:00:00Z
1385,63,13,confirmed,2026-08-06T01:00:00Z
1386,63,10,confirmed,2026-08-05T15:00:00Z
1387,63,8,confirmed,2026-07-31T20:00:00Z
1388,64,7,confirmed,2026-07-30T15:44:00Z
1389,64,12,confirmed,2026-08-02T00:44:00Z
1390,64,5,confirmed,2026-07-31T19:44:00Z
1391,64,5,confirmed,2026-08-02T07:44:00Z
1392,64,8,confirmed,2026-08-04T17:44:00Z
1393,64,2,confirmed,2026-07-30T14:44:00Z
1394,64,10,confirmed,2026-08-07T12:44:00Z
1395,64,6,confirmed,2026-07-27T19:44:00Z
1396,64,5,confirmed,2026-08-06T05:44:00Z
1397,64,12,confirmed,2026-07-27T09:44:00Z
1398,64,15,confirmed,2026-07-29T18:44:00Z
1399,64,13,confirmed,2026-08-06T18:44:00Z
1400,64,15,confirmed,2026-08-05T14:44:00Z
1401,64,13,confirmed,2026-08-03T22:44:00Z
1402,64,15,confirmed,2026-08-01T01:44:00Z
1403,64,13,confirmed,2026-07-31T11:44:00Z
1404,64,3,cancelled,2026-07-29T02:44:00Z
1405,64,8,confirmed,2026-08-04T04:44:00Z
1406,64,10,confirmed,2026-07-27T00:44:00Z
1407,64,10,confirmed,2026-07-30T18:44:00Z
1408,64,8,confirmed,2026-07-27T14:44:00Z
1409,64,9,confirmed,2026-08-07T05:44:00Z
1410,64,14,confirmed,2026-07-30T23:44:00Z
1411,64,3,confirmed,2026-08-04T21:44:00Z
1412,64,3,confirmed,2026-08-04T02:44:00Z
1413,64,11,confirmed,2026-07-31T22:44:00Z
1414,64,15,confirmed,2026-07-24T23:44:00Z
1415,64,14,confirmed,2026-07-31T09:44:00Z
1416,64,8,confirmed,2026-07-25T13:44:00Z
1417,64,2,confirmed,2026-07-29T04:44:00Z
1418,64,15,confirmed,2026-08-04T00:44:00Z
1419,65,12,confirmed,2026-08-01T23:57:00Z
1420,65,2,confirmed,2026-07-25T06:57:00Z
1421,65,11,confirmed,2026-07-29T07:57:00Z
1422,65,16,confirmed,2026-07-27T22:57:00Z
1423,65,5,confirmed,2026-08-05T20:57:00Z
1424,65,5,confirmed,2026-07-29T16:57:00Z
1425,66,15,confirmed,2026-07-30T19:00:00Z
1426,66,14,confirmed,2026-07-30T04:00:00Z
1427,66,12,confirmed,2026-07-25T06:00:00Z
1428,66,15,confirmed,2026-08-01T18:00:00Z
1429,66,8,confirmed,2026-08-04T05:00:00Z
1430,66,7,cancelled,2026-08-07T11:00:00Z
1431,66,9,confirmed,2026-08-06T23:00:00Z
1432,66,6,confirmed,2026-08-02T09:00:00Z
1433,66,10,confirmed,2026-08-06T21:00:00Z
1434,66,6,confirmed,2026-08-06T19:00:00Z
1435,66,13,confirmed,2026-08-06T23:00:00Z
1436,66,15,confirmed,2026-07-30T22:00:00Z
1437,66,12,confirmed,2026-07-30T18:00:00Z
1438,66,15,confirmed,2026-07-26T14:00:00Z
1439,66,2,confirmed,2026-07-27T13:00:00Z
1440,66,13,confirmed,2026-07-25T13:00:00Z
1441,67,16,confirmed,2026-08-06T14:27:00Z
1442,67,7,confirmed,2026-08-07T14:27:00Z
1443,67,14,confirmed,2026-08-02T05:27:00Z
1444,67,3,cancelled,2026-08-02T22:27:00Z
1445,68,13,confirmed,2026-07-31T13:30:00Z
1446,68,7,confirmed,2026-07-30T15:30:00Z
1447,68,5,confirmed,2026-08-05T04:30:00Z
1448,68,7,confirmed,2026-08-07T20:30:00Z
1449,68,11,cancelled,2026-07-29T08:30:00Z
1450,68,4,confirmed,2026-08-05T06:30:00Z
1451,68,8,confirmed,2026-07-29T10:30:00Z
1452,68,8,confirmed,2026-08-01T18:30:00Z
1453,68,15,confirmed,2026-08-02T10:30:00Z
1454,68,4,confirmed,2026-07-26T12:30:00Z
1455,68,9,confirmed,2026-07-28T12:30:00Z
1456,68,12,confirmed,2026-08-08T10:30:00Z
1457,68,7,confirmed,2026-08-01T18:30:00Z
1458,68,9,confirmed,2026-07-29T03:30:00Z
1459,68,8,confirmed,2026-08-03T16:30:00Z
1460,68,12,confirmed,2026-07-27T01:30:00Z
1461,68,10,confirmed,2026-07-28T05:30:00Z
1462,68,15,cancelled,2026-08-07T10:30:00Z
1463,68,8,confirmed,2026-07-25T18:30:00Z
1464,68,3,confirmed,2026-07-27T21:30:00Z
1465,68,6,confirmed,2026-07-29T16:30:00Z
1466,68,15,confirmed,2026-08-01T06:30:00Z
1467,68,2,confirmed,2026-08-01T04:30:00Z
1468,68,2,confirmed,2026-08-04T02:30:00Z
1469,68,7,confirmed,2026-07-26T15:30:00Z
1470,68,10,confirmed,2026-08-03T02:30:00Z
1471,68,2,confirmed,2026-07-29T14:30:00Z
1472,68,11,confirmed,2026-08-07T22:30:00Z
1473,68,13,confirmed,2026-08-06T22:30:00Z
1474,68,3,confirmed,2026-07-29T00:30:00Z
1475,68,8,confirmed,2026-07-31T17:30:00Z
1476,68,11,cancelled,2026-07-25T16:30:00Z
1477,68,15,confirmed,2026-08-08T13:30:00Z
1478,68,7,confirmed,2026-07-29T16:30:00Z
1479,68,12,confirmed,2026-07-28T13:30:00Z
1480,68,7,confirmed,2026-08-02T03:30:00Z
1481,68,2,cancelled,2026-08-03T16:30:00Z
1482,68,12,confirmed,2026-07-26T02:30:00Z
1483,68,3,confirmed,2026-08-03T20:30:00Z
1484,68,10,confirmed,2026-08-04T17:30:00Z
1485,68,14,confirmed,2026-08-01T09:30:00Z
1486,68,14,confirmed,2026-07-28T10:30:00Z
1487,68,6,confirmed,2026-07-30T03:30:00Z
1488,68,16,confirmed,2026-08-04T15:30:00Z
1489,68,8,confirmed,2026-08-01T18:30:00Z
1490,68,4,confirmed,2026-07-29T19:30:00Z
1491,68,7,confirmed,2026-08-07T17:30:00Z
1492,68,7,confirmed,2026-08-03T16:30:00Z
1493,68,13,confirmed,2026-07-30T02:30:00Z
1494,68,12,confirmed,2026-08-02T00:30:00Z
1495,68,16,confirmed,2026-08-03T05:30:00Z
1496,68,7,confirmed,2026-07-25T16:30:00Z
1497,68,9,confirmed,2026-08-05T18:30:00Z
1498,68,8,confirmed,2026-07-28T21:30:00Z
1499,68,3,confirmed,2026-08-03T13:30:00Z
1500,68,5,cancelled,2026-08-03T06:30:00Z
1501,68,6,confirmed,2026-08-01T15:30:00Z
1502,68,4,confirmed,2026-07-30T04:30:00Z
1503,69,9,confirmed,2026-08-03T22:22:00Z
1504,69,2,confirmed,2026-08-04T17:22:00Z
1505,69,5,confirmed,2026-07-28T08:22:00Z
1506,69,6,confirmed,2026-07-29T08:22:00Z
1507,69,9,confirmed,2026-08-04T13:22:00Z
1508,69,13,confirmed,2026-07-30T08:22:00Z
1509,69,15,confirmed,2026-08-05T17:22:00Z
1510,69,15,confirmed,2026-08-05T23:22:00Z
1511,69,2,confirmed,2026-07-30T18:22:00Z
1512,69,15,confirmed,2026-07-30T12:22:00Z
1513,69,7,confirmed,2026-07-26T01:22:00Z
1514,69,7,confirmed,2026-07-26T02:22:00Z
1515,69,12,confirmed,2026-08-01T12:22:00Z
1516,69,9,confirmed,2026-08-07T07:22:00Z
1517,69,5,confirmed,2026-08-06T09:22:00Z
1518,69,11,confirmed,2026-07-29T11:22:00Z
1519,69,7,confirmed,2026-07-29T17:22:00Z
1520,69,15,confirmed,2026-07-27T01:22:00Z
1521,69,16,confirmed,2026-08-02T20:22:00Z
1522,69,2,confirmed,2026-08-03T01:22:00Z
1523,69,3,confirmed,2026-07-30T18:22:00Z
1524,69,10,cancelled,2026-08-08T03:22:00Z
1525,69,11,confirmed,2026-08-03T18:22:00Z
1526,70,9,confirmed,2026-08-07T23:02:00Z
1527,70,8,cancelled,2026-07-28T05:02:00Z
1528,70,5,cancelled,2026-07-30T08:02:00Z
1529,70,2,confirmed,2026-08-03T12:02:00Z
1530,70,10,confirmed,2026-08-04T17:02:00Z
1531,70,9,confirmed,2026-08-07T10:02:00Z
1532,70,14,confirmed,2026-08-06T16:02:00Z
1533,70,11,confirmed,2026-07-31T18:02:00Z
1534,70,9,confirmed,2026-07-30T23:02:00Z
1535,70,6,confirmed,2026-08-03T22:02:00Z
1536,70,2,confirmed,2026-08-06T22:02:00Z
1537,70,13,confirmed,2026-07-26T09:02:00Z
1538,70,16,confirmed,2026-08-05T15:02:00Z
1539,70,7,confirmed,2026-08-03T10:02:00Z
1540,70,5,cancelled,2026-08-04T12:02:00Z
1541,70,11,cancelled,2026-08-06T17:02:00Z
1542,70,12,confirmed,2026-07-27T05:02:00Z
1543,70,14,confirmed,2026-08-08T04:02:00Z
1544,70,7,confirmed,2026-08-08T04:02:00Z
1545,70,15,confirmed,2026-08-01T11:02:00Z
1546,70,11,confirmed,2026-07-28T18:02:00Z
1547,70,11,cancelled,2026-07-27T17:02:00Z
1548,70,10,confirmed,2026-07-26T18:02:00Z
1549,70,11,confirmed,2026-08-05T18:02:00Z
1550,70,14,confirmed,2026-08-04T06:02:00Z
1551,71,15,confirmed,2026-07-28T13:30:00Z
1552,71,12,confirmed,2026-08-01T15:30:00Z
1553,71,6,confirmed,2026-08-03T14:30:00Z
1554,71,4,confirmed,2026-08-08T11:30:00Z
1555,71,10,confirmed,2026-08-01T14:30:00Z
1556,71,2,confirmed,2026-07-25T16:30:00Z
1557,71,12,confirmed,2026-08-02T10:30:00Z
1558,71,8,confirmed,2026-07-31T11:30:00Z
1559,71,13,confirmed,2026-08-07T10:30:00Z
1560,71,2,confirmed,2026-08-01T19:30:00Z
1561,71,7,confirmed,2026-08-08T15:30:00Z
1562,71,7,confirmed,2026-08-07T16:30:00Z
1563,71,15,cancelled,2026-08-07T22:30:00Z
1564,71,8,confirmed,2026-08-06T10:30:00Z
1565,71,3,confirmed,2026-08-05T13:30:00Z
1566,71,8,confirmed,2026-08-01T01:30:00Z
1567,71,8,confirmed,2026-07-25T20:30:00Z
1568,71,14,confirmed,2026-08-01T00:30:00Z
1569,71,16,confirmed,2026-07-28T22:30:00Z
1570,71,7,confirmed,2026-08-07T00:30:00Z
1571,72,5,confirmed,2026-07-30T23:10:00Z
1572,72,14,confirmed,2026-07-31T02:10:00Z
1573,72,2,confirmed,2026-08-04T20:10:00Z
1574,72,10,confirmed,2026-08-06T21:10:00Z
1575,72,4,confirmed,2026-07-30T11:10:00Z
1576,72,15,confirmed,2026-07-30T05:10:00Z
1577,72,15,confirmed,2026-08-02T09:10:00Z
1578,72,8,cancelled,2026-08-01T04:10:00Z
1579,72,7,confirmed,2026-08-04T18:10:00Z
1580,72,3,confirmed,2026-07-29T09:10:00Z
1581,72,5,confirmed,2026-08-07T17:10:00Z
1582,72,14,confirmed,2026-08-01T13:10:00Z
1583,72,14,confirmed,2026-08-05T22:10:00Z
1584,72,8,confirmed,2026-08-05T07:10:00Z
1585,72,3,cancelled,2026-08-04T14:10:00Z
1586,72,16,confirmed,2026-07-28T00:10:00Z
1587,72,12,confirmed,2026-08-05T21:10:00Z
1588,72,6,confirmed,2026-08-07T02:10:00Z
1589,72,6,confirmed,2026-07-28T23:10:00Z
1590,72,9,confirmed,2026-08-04T15:10:00Z
1591,72,10,confirmed,2026-08-06T16:10:00Z
1592,72,16,confirmed,2026-08-04T17:10:00Z
1593,72,8,confirmed,2026-08-01T05:10:00Z
1594,72,11,confirmed,2026-07-28T03:10:00Z
1595,72,14,confirmed,2026-08-07T16:10:00Z
1596,72,13,cancelled,2026-07-26T07:10:00Z
1597,72,5,confirmed,2026-07-28T05:10:00Z
1598,72,8,confirmed,2026-07-26T10:10:00Z
1599,72,15,confirmed,2026-08-03T22:10:00Z
1600,72,10,confirmed,2026-07-26T10:10:00Z
1601,72,7,confirmed,2026-07-28T03:10:00Z
1602,72,5,confirmed,2026-07-30T05:10:00Z
1603,73,3,confirmed,2026-07-29T07:54:00Z
1604,73,15,confirmed,2026-08-03T02:54:00Z
1605,73,7,confirmed,2026-08-02T16:54:00Z
1606,73,15,confirmed,2026-07-27T10:54:00Z
1607,73,11,cancelled,2026-08-03T12:54:00Z
1608,73,9,confirmed,2026-08-05T22:54:00Z
1609,73,6,confirmed,2026-07-25T21:54:00Z
1610,73,5,confirmed,2026-07-31T23:54:00Z
1611,73,14,confirmed,2026-08-04T12:54:00Z
1612,73,2,confirmed,2026-08-01T06:54:00Z
1613,73,10,cancelled,2026-08-05T06:54:00Z
1614,73,4,confirmed,2026-07-29T01:54:00Z
1615,74,2,cancelled,2026-07-28T13:00:00Z
1616,74,7,confirmed,2026-08-01T22:00:00Z
1617,74,13,confirmed,2026-08-02T04:00:00Z
1618,74,13,confirmed,2026-08-03T11:00:00Z
1619,74,3,confirmed,2026-07-28T03:00:00Z
1620,74,16,confirmed,2026-08-06T08:00:00Z
1621,74,8,confirmed,2026-07-28T20:00:00Z
1622,74,3,confirmed,2026-08-07T00:00:00Z
1623,74,6,confirmed,2026-08-07T23:00:00Z
1624,74,2,confirmed,2026-08-06T16:00:00Z
1625,74,10,confirmed,2026-08-02T07:00:00Z
1626,74,2,confirmed,2026-07-26T14:00:00Z
1627,74,4,confirmed,2026-08-01T11:00:00Z
1628,74,10,cancelled,2026-08-06T19:00:00Z
1629,74,16,confirmed,2026-07-30T11:00:00Z
1630,74,16,confirmed,2026-07-27T11:00:00Z
1631,74,10,confirmed,2026-08-01T16:00:00Z
1632,74,11,cancelled,2026-07-27T13:00:00Z
1633,74,14,cancelled,2026-08-07T05:00:00Z
1634,74,12,confirmed,2026-08-06T13:00:00Z
1635,74,9,confirmed,2026-07-30T06:00:00Z
1636,74,9,confirmed,2026-08-02T02:00:00Z
1637,74,3,confirmed,2026-08-03T09:00:00Z
1638,74,7,confirmed,2026-07-26T01:00:00Z
1639,74,5,confirmed,2026-08-08T01:00:00Z
1640,74,14,confirmed,2026-07-25T22:00:00Z
1641,74,3,confirmed,2026-07-29T06:00:00Z
1642,74,16,confirmed,2026-07-27T23:00:00Z
1643,75,5,confirmed,2026-08-01T21:40:00Z
1644,75,11,confirmed,2026-07-29T09:40:00Z
1645,75,5,confirmed,2026-08-04T05:40:00Z
1646,75,13,confirmed,2026-08-02T06:40:00Z
1647,75,6,confirmed,2026-08-01T10:40:00Z
1648,75,11,confirmed,2026-08-02T17:40:00Z
1649,75,13,confirmed,2026-07-28T11:40:00Z
1650,75,3,confirmed,2026-08-06T03:40:00Z
1651,76,8,confirmed,2026-07-29T21:45:00Z
1652,76,4,cancelled,2026-08-03T19:45:00Z
1653,76,4,confirmed,2026-08-08T08:45:00Z
1654,76,2,confirmed,2026-08-02T02:45:00Z
1655,76,3,confirmed,2026-08-08T02:45:00Z
1656,76,10,confirmed,2026-07-26T05:45:00Z
1657,76,16,confirmed,2026-08-03T23:45:00Z
1658,76,11,confirmed,2026-07-28T13:45:00Z
1659,76,12,confirmed,2026-08-03T00:45:00Z
1660,76,9,cancelled,2026-08-06T06:45:00Z
1661,76,10,confirmed,2026-08-04T00:45:00Z
1662,76,13,cancelled,2026-08-02T12:45:00Z
1663,76,16,confirmed,2026-08-08T07:45:00Z
1664,76,14,confirmed,2026-08-01T07:45:00Z
1665,76,13,confirmed,2026-08-02T16:45:00Z
1666,76,15,confirmed,2026-08-02T07:45:00Z
1667,76,16,confirmed,2026-08-01T06:45:00Z
1668,76,8,confirmed,2026-08-02T23:45:00Z
1669,76,8,confirmed,2026-08-05T13:45:00Z
1670,76,5,confirmed,2026-08-04T21:45:00Z
1671,76,12,confirmed,2026-08-01T03:45:00Z
1672,76,15,confirmed,2026-08-04T14:45:00Z
1673,77,6,confirmed,2026-08-02T23:00:00Z
1674,77,16,confirmed,2026-07-28T12:00:00Z
1675,77,6,confirmed,2026-07-31T12:00:00Z
1676,77,16,confirmed,2026-08-07T00:00:00Z
1677,77,16,confirmed,2026-07-31T00:00:00Z
1678,77,12,confirmed,2026-08-03T19:00:00Z
1679,77,15,cancelled,2026-07-29T13:00:00Z
1680,77,16,confirmed,2026-08-08T13:00:00Z
1681,77,16,confirmed,2026-08-01T12:00:00Z
1682,77,14,confirmed,2026-07-26T06:00:00Z
1683,77,16,confirmed,2026-08-06T03:00:00Z
1684,77,16,cancelled,2026-07-28T23:00:00Z
1685,77,7,cancelled,2026-08-03T15:00:00Z
1686,77,4,confirmed,2026-07-29T05:00:00Z
1687,77,16,confirmed,2026-07-26T20:00:00Z
1688,77,5,confirmed,2026-07-28T15:00:00Z
1689,77,7,cancelled,2026-08-01T17:00:00Z
1690,77,11,confirmed,2026-08-06T06:00:00Z
1691,77,15,confirmed,2026-08-04T01:00:00Z
1692,77,16,confirmed,2026-08-06T16:00:00Z
1693,77,12,confirmed,2026-08-04T03:00:00Z
1694,77,8,confirmed,2026-07-27T20:00:00Z
1695,77,9,confirmed,2026-07-31T16:00:00Z
1696,78,7,confirmed,2026-08-07T18:00:00Z
1697,78,13,confirmed,2026-07-28T17:00:00Z
1698,78,4,confirmed,2026-08-07T19:00:00Z
1699,78,8,confirmed,2026-08-07T21:00:00Z
1700,78,3,confirmed,2026-07-31T13:00:00Z
1701,78,9,confirmed,2026-08-01T00:00:00Z
1702,78,13,confirmed,2026-07-27T22:00:00Z
1703,78,11,confirmed,2026-07-31T19:00:00Z
1704,78,3,cancelled,2026-08-04T15:00:00Z
1705,78,16,confirmed,2026-08-04T21:00:00Z
1706,78,3,confirmed,2026-08-05T14:00:00Z
1707,78,15,confirmed,2026-08-05T14:00:00Z
1708,78,8,confirmed,2026-08-04T00:00:00Z
1709,78,8,confirmed,2026-08-05T06:00:00Z
